,Country,TotalCases,TotalDeaths,TotalRecovered,date
2637,Sri Lanka,1,0.0,0.0,1/29/20
2636,Finland,1,0.0,0.0,1/29/20
2635,United Arab Emirates,4,0.0,0.0,1/29/20
2634,Nepal,1,0.0,0.0,1/29/20
2633,Cambodia,1,0.0,0.0,1/29/20
2632,Vietnam,2,0.0,0.0,1/29/20
2631,Canada,3,0.0,0.0,1/29/20
2630,Germany,4,0.0,0.0,1/29/20
2629,France,4,0.0,0.0,1/29/20
2628,South Korea,4,0.0,0.0,1/29/20
2627,United States,5,0.0,0.0,1/29/20
2626,Australia,7,0.0,0.0,1/29/20
2625,Japan,7,0.0,0.0,1/29/20
2624,Singapore,10,0.0,0.0,1/29/20
2623,Malaysia,7,0.0,0.0,1/29/20
2622,Macau,7,0.0,0.0,1/29/20
2621,Taiwan,8,0.0,0.0,1/29/20
2620,Hong Kong,11,0.0,0.0,1/29/20
2619,Thailand,14,0.0,0.0,1/29/20
2618,China,6070,133.0,0.0,1/29/20
2617,Sri Lanka,1,0.0,0.0,1/30/20
2616,India,1,0.0,0.0,1/30/20
2615,Philippines,1,0.0,0.0,1/30/20
2614,Finland,1,0.0,0.0,1/30/20
2613,United Arab Emirates,4,0.0,0.0,1/30/20
2612,Nepal,1,0.0,0.0,1/30/20
2611,Cambodia,1,0.0,0.0,1/30/20
2610,Vietnam,5,0.0,0.0,1/30/20
2609,Canada,3,0.0,0.0,1/30/20
2608,Germany,4,0.0,0.0,1/30/20
2607,France,5,0.0,0.0,1/30/20
2606,South Korea,6,0.0,0.0,1/30/20
2605,United States,6,0.0,0.0,1/30/20
2604,Australia,9,0.0,0.0,1/30/20
2603,Japan,14,0.0,0.0,1/30/20
2602,Singapore,13,0.0,0.0,1/30/20
2601,Malaysia,8,0.0,0.0,1/30/20
2600,Macau,7,0.0,0.0,1/30/20
2599,Taiwan,9,0.0,0.0,1/30/20
2598,Hong Kong,11,0.0,0.0,1/30/20
2597,Thailand,14,0.0,0.0,1/30/20
2596,China,8123,170.0,0.0,1/30/20
2595,Cambodia,1,0.0,0.0,1/31/20
2594,Sri Lanka,1,0.0,0.0,1/31/20
2593,Sweden,1,0.0,0.0,1/31/20
2592,Finland,1,0.0,0.0,1/31/20
2591,India,1,0.0,0.0,1/31/20
2590,Nepal,1,0.0,0.0,1/31/20
2589,Philippines,1,0.0,0.0,1/31/20
2588,United Kingdom,2,0.0,0.0,1/31/20
2587,Italy,2,0.0,0.0,1/31/20
2586,Russia,2,0.0,0.0,1/31/20
2585,Canada,4,0.0,0.0,1/31/20
2584,United Arab Emirates,4,0.0,0.0,1/31/20
2583,Vietnam,5,0.0,0.0,1/31/20
2582,France,6,0.0,0.0,1/31/20
2581,Germany,6,0.0,0.0,1/31/20
2580,Macao,7,0.0,0.0,1/31/20
2579,United States,7,0.0,0.0,1/31/20
2578,Malaysia,8,0.0,0.0,1/31/20
2577,Australia,9,0.0,0.0,1/31/20
2576,Taiwan,10,0.0,0.0,1/31/20
2575,South Korea,11,0.0,0.0,1/31/20
2574,Hong Kong,13,0.0,0.0,1/31/20
2573,Singapore,16,0.0,0.0,1/31/20
2572,Japan,17,0.0,0.0,1/31/20
2571,Thailand,19,0.0,0.0,1/31/20
2570,China,9798,213.0,0.0,1/31/20
2569,Spain,1,0.0,0.0,2/1/20
2568,Sweden,1,0.0,0.0,2/1/20
2567,Nepal,1,0.0,0.0,2/1/20
2566,Sri Lanka,1,0.0,0.0,2/1/20
2565,Philippines,1,0.0,0.0,2/1/20
2564,Finland,1,0.0,0.0,2/1/20
2563,India,1,0.0,0.0,2/1/20
2562,Cambodia,1,0.0,0.0,2/1/20
2561,U.K.,2,0.0,0.0,2/1/20
2560,Russia,2,0.0,0.0,2/1/20
2559,Italy,2,0.0,0.0,2/1/20
2558,Canada,4,0.0,0.0,2/1/20
2557,U.A.E.,4,0.0,0.0,2/1/20
2556,France,6,0.0,0.0,2/1/20
2555,Vietnam,6,0.0,0.0,2/1/20
2554,Macao,7,0.0,0.0,2/1/20
2553,Germany,7,0.0,0.0,2/1/20
2552,U.S.,7,0.0,0.0,2/1/20
2551,Malaysia,8,0.0,0.0,2/1/20
2550,Taiwan,10,0.0,0.0,2/1/20
2549,Australia,12,0.0,0.0,2/1/20
2548,South Korea,12,0.0,0.0,2/1/20
2547,Hong Kong,13,0.0,0.0,2/1/20
2546,Singapore,18,0.0,0.0,2/1/20
2545,Thailand,19,0.0,0.0,2/1/20
2544,Japan,20,0.0,0.0,2/1/20
2543,China,11860,259.0,0.0,2/1/20
2542,Spain,1,0.0,0.0,2/2/20
2541,Cambodia,1,0.0,0.0,2/2/20
2540,Nepal,1,0.0,0.0,2/2/20
2539,Sri Lanka,1,0.0,0.0,2/2/20
2538,Sweden,1,0.0,0.0,2/2/20
2537,Finland,1,0.0,0.0,2/2/20
2536,Russia,2,0.0,0.0,2/2/20
2535,Italy,2,0.0,0.0,2/2/20
2534,U.K.,2,0.0,0.0,2/2/20
2533,India,2,0.0,0.0,2/2/20
2532,Philippines,2,0.0,0.0,2/2/20
2531,Canada,4,0.0,0.0,2/2/20
2530,U.A.E.,5,0.0,0.0,2/2/20
2529,France,6,0.0,0.0,2/2/20
2528,Vietnam,7,0.0,0.0,2/2/20
2527,U.S.,8,0.0,0.0,2/2/20
2526,Macao,8,0.0,0.0,2/2/20
2525,Malaysia,8,0.0,0.0,2/2/20
2524,Taiwan,10,0.0,0.0,2/2/20
2523,Germany,10,0.0,0.0,2/2/20
2522,Australia,12,0.0,0.0,2/2/20
2521,Hong Kong,14,0.0,0.0,2/2/20
2520,South Korea,15,0.0,0.0,2/2/20
2519,Singapore,18,0.0,0.0,2/2/20
2518,Thailand,19,0.0,0.0,2/2/20
2517,Japan,20,0.0,0.0,2/2/20
2516,China,14497,0.0,304.0,2/2/20
2515,Spain,1,0.0,0.0,2/3/20
2514,Cambodia,1,0.0,0.0,2/3/20
2513,Sweden,1,0.0,0.0,2/3/20
2512,Nepal,1,0.0,0.0,2/3/20
2511,Sri Lanka,1,0.0,1.0,2/3/20
2510,Finland,1,0.0,0.0,2/3/20
2509,Russia,2,0.0,0.0,2/3/20
2508,U.K.,2,0.0,0.0,2/3/20
2507,Italy,2,0.0,0.0,2/3/20
2506,Philippines,2,1.0,0.0,2/3/20
2505,India,3,0.0,0.0,2/3/20
2504,Canada,4,0.0,0.0,2/3/20
2503,U.A.E.,5,0.0,0.0,2/3/20
2502,France,6,0.0,0.0,2/3/20
2501,Malaysia,8,0.0,0.0,2/3/20
2500,Macao,8,0.0,0.0,2/3/20
2499,Vietnam,8,0.0,1.0,2/3/20
2498,Taiwan,10,0.0,0.0,2/3/20
2497,Germany,10,0.0,0.0,2/3/20
2496,U.S.,11,0.0,0.0,2/3/20
2495,Australia,12,0.0,2.0,2/3/20
2494,South Korea,15,0.0,0.0,2/3/20
2493,Hong Kong,15,0.0,0.0,2/3/20
2492,Singapore,18,0.0,0.0,2/3/20
2491,Thailand,19,0.0,7.0,2/3/20
2490,Japan,20,0.0,0.0,2/3/20
2489,China,17302,361.0,512.0,2/3/20
2488,Spain,1,0.0,0.0,2/4/20
2487,Belgium,1,0.0,0.0,2/4/20
2486,Sweden,1,0.0,0.0,2/4/20
2485,Sri Lanka,1,0.0,1.0,2/4/20
2484,Nepal,1,0.0,0.0,2/4/20
2483,Cambodia,1,0.0,0.0,2/4/20
2482,Finland,1,0.0,0.0,2/4/20
2481,U.K.,2,0.0,0.0,2/4/20
2480,Italy,2,0.0,0.0,2/4/20
2479,Russia,2,0.0,0.0,2/4/20
2478,Philippines,2,1.0,0.0,2/4/20
2477,India,3,0.0,0.0,2/4/20
2476,Canada,5,0.0,0.0,2/4/20
2475,U.A.E.,5,0.0,0.0,2/4/20
2474,France,6,0.0,0.0,2/4/20
2473,Vietnam,10,0.0,3.0,2/4/20
2472,Macao,10,0.0,0.0,2/4/20
2471,Malaysia,10,0.0,0.0,2/4/20
2470,USA,11,0.0,0.0,2/4/20
2469,Taiwan,11,0.0,0.0,2/4/20
2468,Germany,12,0.0,0.0,2/4/20
2467,Australia,13,0.0,3.0,2/4/20
2466,S. Korea,16,0.0,0.0,2/4/20
2465,Hong Kong,17,1.0,0.0,2/4/20
2464,Japan,23,0.0,0.0,2/4/20
2463,Singapore,24,0.0,1.0,2/4/20
2462,Thailand,25,0.0,7.0,2/4/20
2461,China,23658,490.0,861.0,2/4/20
2460,Belgium,1,0.0,0.0,2/5/20
2459,Spain,1,0.0,0.0,2/5/20
2458,Cambodia,1,0.0,0.0,2/5/20
2457,Sri Lanka,1,0.0,1.0,2/5/20
2456,Sweden,1,0.0,0.0,2/5/20
2455,Nepal,1,0.0,0.0,2/5/20
2454,Finland,1,0.0,0.0,2/5/20
2453,Russia,2,0.0,0.0,2/5/20
2452,Italy,2,0.0,0.0,2/5/20
2451,U.K.,2,0.0,0.0,2/5/20
2450,India,3,0.0,0.0,2/5/20
2449,Philippines,3,1.0,0.0,2/5/20
2448,U.A.E.,5,0.0,0.0,2/5/20
2447,Canada,5,0.0,0.0,2/5/20
2446,France,6,0.0,0.0,2/5/20
2445,Vietnam,10,0.0,3.0,2/5/20
2444,Macao,10,0.0,0.0,2/5/20
2443,Taiwan,11,0.0,0.0,2/5/20
2442,USA,11,0.0,0.0,2/5/20
2441,Germany,12,0.0,0.0,2/5/20
2440,Malaysia,12,0.0,0.0,2/5/20
2439,Australia,14,0.0,3.0,2/5/20
2438,S. Korea,19,0.0,1.0,2/5/20
2437,Hong Kong,21,1.0,0.0,2/5/20
2436,Thailand,25,0.0,8.0,2/5/20
2435,Singapore,28,0.0,1.0,2/5/20
2434,Japan,35,0.0,0.0,2/5/20
2433,China,24399,491.0,1022.0,2/5/20
2432,Belgium,1,0.0,0.0,2/6/20
2431,Spain,1,0.0,0.0,2/6/20
2430,Sweden,1,0.0,0.0,2/6/20
2429,Finland,1,0.0,1.0,2/6/20
2428,Cambodia,1,0.0,0.0,2/6/20
2427,Nepal,1,0.0,0.0,2/6/20
2426,Sri Lanka,1,0.0,1.0,2/6/20
2425,Russia,2,0.0,0.0,2/6/20
2424,Italy,3,0.0,0.0,2/6/20
2423,U.K.,3,0.0,0.0,2/6/20
2422,India,3,0.0,0.0,2/6/20
2421,Philippines,3,1.0,0.0,2/6/20
2420,Canada,5,0.0,0.0,2/6/20
2419,U.A.E.,5,0.0,0.0,2/6/20
2418,France,6,0.0,0.0,2/6/20
2417,Macao,10,0.0,0.0,2/6/20
2416,Vietnam,12,0.0,3.0,2/6/20
2415,USA,12,0.0,1.0,2/6/20
2414,Germany,13,0.0,0.0,2/6/20
2413,Malaysia,14,0.0,1.0,2/6/20
2412,Australia,15,0.0,3.0,2/6/20
2411,Taiwan,16,0.0,1.0,2/6/20
2410,S. Korea,23,0.0,1.0,2/6/20
2409,Hong Kong,24,1.0,0.0,2/6/20
2408,Thailand,25,0.0,9.0,2/6/20
2407,Singapore,30,0.0,1.0,2/6/20
2406,Japan,45,0.0,0.0,2/6/20
2405,China,30551,633.0,1593.0,2/6/20
2404,Belgium,1,0.0,0.0,2/7/20
2403,Spain,1,0.0,0.0,2/7/20
2402,Sweden,1,0.0,0.0,2/7/20
2401,Nepal,1,0.0,0.0,2/7/20
2400,Finland,1,0.0,1.0,2/7/20
2399,Cambodia,1,0.0,1.0,2/7/20
2398,Sri Lanka,1,0.0,1.0,2/7/20
2397,Russia,2,0.0,0.0,2/7/20
2396,Italy,3,0.0,0.0,2/7/20
2395,U.K.,3,0.0,0.0,2/7/20
2394,India,3,0.0,0.0,2/7/20
2393,Philippines,3,1.0,0.0,2/7/20
2392,U.A.E.,5,0.0,0.0,2/7/20
2391,France,6,0.0,0.0,2/7/20
2390,Canada,7,0.0,0.0,2/7/20
2389,Macao,10,0.0,0.0,2/7/20
2388,USA,12,0.0,1.0,2/7/20
2387,Vietnam,12,0.0,3.0,2/7/20
2386,Germany,13,0.0,0.0,2/7/20
2385,Australia,15,0.0,5.0,2/7/20
2384,Malaysia,15,0.0,1.0,2/7/20
2383,Taiwan,16,0.0,1.0,2/7/20
2382,S. Korea,24,0.0,2.0,2/7/20
2381,Thailand,25,0.0,9.0,2/7/20
2380,Hong Kong,25,1.0,0.0,2/7/20
2379,Singapore,33,0.0,2.0,2/7/20
2378,Japan,86,0.0,4.0,2/7/20
2377,China,31210,636.0,1747.0,2/7/20
2376,Belgium,1,0.0,0.0,2/8/20
2375,Spain,1,0.0,0.0,2/8/20
2374,Cambodia,1,0.0,1.0,2/8/20
2373,Nepal,1,0.0,0.0,2/8/20
2372,Sweden,1,0.0,0.0,2/8/20
2371,Sri Lanka,1,0.0,1.0,2/8/20
2370,Finland,1,0.0,1.0,2/8/20
2369,Russia,2,0.0,0.0,2/8/20
2368,U.K.,3,0.0,0.0,2/8/20
2367,Italy,3,0.0,0.0,2/8/20
2366,India,3,0.0,0.0,2/8/20
2365,Philippines,3,1.0,0.0,2/8/20
2364,Canada,7,0.0,0.0,2/8/20
2363,U.A.E.,7,0.0,0.0,2/8/20
2362,Macao,10,0.0,1.0,2/8/20
2361,France,11,0.0,0.0,2/8/20
2360,USA,12,0.0,3.0,2/8/20
2359,Vietnam,13,0.0,3.0,2/8/20
2358,Germany,14,0.0,0.0,2/8/20
2357,Australia,15,0.0,5.0,2/8/20
2356,Malaysia,16,0.0,1.0,2/8/20
2355,Taiwan,17,0.0,1.0,2/8/20
2354,S. Korea,24,0.0,2.0,2/8/20
2353,Hong Kong,26,1.0,0.0,2/8/20
2352,Thailand,32,0.0,9.0,2/8/20
2351,Singapore,40,0.0,2.0,2/8/20
2350,Japan,89,0.0,4.0,2/8/20
2349,China,34620,722.0,2376.0,2/8/20
2348,Belgium,1,0.0,0.0,2/10/20
2347,Cambodia,1,0.0,1.0,2/10/20
2346,Sri Lanka,1,0.0,1.0,2/10/20
2345,Sweden,1,0.0,0.0,2/10/20
2344,Nepal,1,0.0,0.0,2/10/20
2343,Finland,1,0.0,1.0,2/10/20
2342,Spain,2,0.0,0.0,2/10/20
2341,Russia,2,0.0,0.0,2/10/20
2340,Italy,3,0.0,0.0,2/10/20
2339,India,3,0.0,0.0,2/10/20
2338,Philippines,3,1.0,2.0,2/10/20
2337,Canada,7,0.0,0.0,2/10/20
2336,U.A.E.,8,0.0,1.0,2/10/20
2335,U.K.,8,0.0,0.0,2/10/20
2334,Macao,10,0.0,1.0,2/10/20
2333,France,11,0.0,0.0,2/10/20
2332,USA,12,0.0,3.0,2/10/20
2331,Germany,14,0.0,0.0,2/10/20
2330,Vietnam,14,0.0,3.0,2/10/20
2329,Australia,15,0.0,5.0,2/10/20
2328,Malaysia,18,0.0,3.0,2/10/20
2327,Taiwan,18,0.0,1.0,2/10/20
2326,S. Korea,27,0.0,3.0,2/10/20
2325,Thailand,32,0.0,10.0,2/10/20
2324,Hong Kong,42,1.0,0.0,2/10/20
2323,Singapore,45,0.0,7.0,2/10/20
2322,Japan,161,0.0,4.0,2/10/20
2321,China,40199,908.0,3623.0,2/10/20
2320,Belgium,1,0.0,0.0,2/11/20
2319,Cambodia,1,0.0,1.0,2/11/20
2318,Finland,1,0.0,1.0,2/11/20
2317,Nepal,1,0.0,0.0,2/11/20
2316,Sri Lanka,1,0.0,1.0,2/11/20
2315,Sweden,1,0.0,0.0,2/11/20
2314,Spain,2,0.0,0.0,2/11/20
2313,Russia,2,0.0,0.0,2/11/20
2312,India,3,0.0,0.0,2/11/20
2311,Italy,3,0.0,0.0,2/11/20
2310,Philippines,3,1.0,2.0,2/11/20
2309,Canada,7,0.0,1.0,2/11/20
2308,U.K.,8,0.0,1.0,2/11/20
2307,U.A.E.,8,0.0,1.0,2/11/20
2306,Macao,10,0.0,1.0,2/11/20
2305,France,11,0.0,0.0,2/11/20
2304,USA,13,0.0,3.0,2/11/20
2303,Australia,15,0.0,5.0,2/11/20
2302,Vietnam,15,0.0,6.0,2/11/20
2301,Germany,16,0.0,0.0,2/11/20
2300,Malaysia,18,0.0,3.0,2/11/20
2299,Taiwan,18,0.0,1.0,2/11/20
2298,S. Korea,28,0.0,4.0,2/11/20
2297,Thailand,33,0.0,10.0,2/11/20
2296,Singapore,47,0.0,9.0,2/11/20
2295,Hong Kong,49,1.0,0.0,2/11/20
2294,Japan,163,0.0,4.0,2/11/20
2293,China,42670,1016.0,4318.0,2/11/20
2292,Belgium,1,0.0,0.0,2/12/20
2291,Sweden,1,0.0,0.0,2/12/20
2290,Sri Lanka,1,0.0,1.0,2/12/20
2289,Nepal,1,0.0,0.0,2/12/20
2288,Cambodia,1,0.0,1.0,2/12/20
2287,Finland,1,0.0,1.0,2/12/20
2286,Spain,2,0.0,0.0,2/12/20
2285,Russia,2,0.0,0.0,2/12/20
2284,India,3,0.0,0.0,2/12/20
2283,Italy,3,0.0,0.0,2/12/20
2282,Philippines,3,1.0,2.0,2/12/20
2281,Canada,7,0.0,1.0,2/12/20
2280,U.A.E.,8,0.0,1.0,2/12/20
2279,U.K.,8,0.0,1.0,2/12/20
2278,Macao,10,0.0,1.0,2/12/20
2277,France,11,0.0,0.0,2/12/20
2276,USA,13,0.0,3.0,2/12/20
2275,Australia,15,0.0,5.0,2/12/20
2274,Vietnam,15,0.0,6.0,2/12/20
2273,Germany,16,0.0,0.0,2/12/20
2272,Malaysia,18,0.0,3.0,2/12/20
2271,Taiwan,18,0.0,1.0,2/12/20
2270,S. Korea,28,0.0,4.0,2/12/20
2269,Thailand,33,0.0,10.0,2/12/20
2268,Singapore,47,0.0,9.0,2/12/20
2267,Hong Kong,49,1.0,0.0,2/12/20
2266,Japan,203,0.0,4.0,2/12/20
2265,China,44653,1113.0,4777.0,2/12/20
2264,Nepal,1,0.0,1.0,2/13/20
2263,Sweden,1,0.0,0.0,2/13/20
2262,Belgium,1,0.0,0.0,2/13/20
2261,Cambodia,1,0.0,1.0,2/13/20
2260,Finland,1,0.0,1.0,2/13/20
2259,Sri Lanka,1,0.0,1.0,2/13/20
2258,Spain,2,0.0,0.0,2/13/20
2257,Russia,2,0.0,2.0,2/13/20
2256,Italy,3,0.0,0.0,2/13/20
2255,Philippines,3,1.0,2.0,2/13/20
2254,India,5,0.0,1.0,2/13/20
2253,Canada,7,0.0,1.0,2/13/20
2252,U.A.E.,8,0.0,1.0,2/13/20
2251,U.K.,9,0.0,1.0,2/13/20
2250,Macao,10,0.0,3.0,2/13/20
2249,France,11,0.0,2.0,2/13/20
2248,Australia,15,0.0,8.0,2/13/20
2247,USA,15,0.0,3.0,2/13/20
2246,Vietnam,16,0.0,7.0,2/13/20
2245,Germany,16,0.0,1.0,2/13/20
2244,Taiwan,18,0.0,1.0,2/13/20
2243,Malaysia,19,0.0,3.0,2/13/20
2242,S. Korea,28,0.0,7.0,2/13/20
2241,Thailand,33,0.0,12.0,2/13/20
2240,Hong Kong,53,1.0,1.0,2/13/20
2239,Singapore,58,0.0,15.0,2/13/20
2238,Japan,251,1.0,10.0,2/13/20
2237,China,59828,1367.0,6210.0,2/13/20
2236,Cambodia,1,0.0,1.0,2/14/20
2235,Finland,1,0.0,1.0,2/14/20
2234,Sri Lanka,1,0.0,1.0,2/14/20
2233,Nepal,1,0.0,1.0,2/14/20
2232,Egypt,1,0.0,0.0,2/14/20
2231,Belgium,1,0.0,0.0,2/14/20
2230,Sweden,1,0.0,0.0,2/14/20
2229,Russia,2,0.0,2.0,2/14/20
2228,Spain,2,0.0,1.0,2/14/20
2227,India,3,0.0,1.0,2/14/20
2226,Italy,3,0.0,0.0,2/14/20
2225,Philippines,3,1.0,2.0,2/14/20
2224,U.A.E.,8,0.0,1.0,2/14/20
2223,Canada,8,0.0,1.0,2/14/20
2222,U.K.,9,0.0,1.0,2/14/20
2221,Macao,10,0.0,3.0,2/14/20
2220,France,11,0.0,3.0,2/14/20
2219,Australia,15,0.0,10.0,2/14/20
2218,USA,15,0.0,3.0,2/14/20
2217,Vietnam,16,0.0,7.0,2/14/20
2216,Germany,16,0.0,1.0,2/14/20
2215,Taiwan,18,0.0,1.0,2/14/20
2214,Malaysia,19,0.0,7.0,2/14/20
2213,S. Korea,28,0.0,7.0,2/14/20
2212,Thailand,33,0.0,13.0,2/14/20
2211,Hong Kong,56,1.0,1.0,2/14/20
2210,Singapore,67,0.0,17.0,2/14/20
2209,Japan,259,1.0,11.0,2/14/20
2208,China,66291,1520.0,7977.0,2/14/20
2207,Finland,1,0.0,1.0,2/15/20
2206,Sri Lanka,1,0.0,1.0,2/15/20
2205,Nepal,1,0.0,1.0,2/15/20
2204,Cambodia,1,0.0,1.0,2/15/20
2203,Egypt,1,0.0,0.0,2/15/20
2202,Belgium,1,0.0,0.0,2/15/20
2201,Sweden,1,0.0,0.0,2/15/20
2200,Russia,2,0.0,2.0,2/15/20
2199,Spain,2,0.0,1.0,2/15/20
2198,India,3,0.0,1.0,2/15/20
2197,Italy,3,0.0,0.0,2/15/20
2196,Philippines,3,1.0,2.0,2/15/20
2195,U.A.E.,8,0.0,1.0,2/15/20
2194,Canada,8,0.0,1.0,2/15/20
2193,U.K.,9,0.0,1.0,2/15/20
2192,Macao,10,0.0,3.0,2/15/20
2191,France,11,0.0,3.0,2/15/20
2190,Australia,15,0.0,10.0,2/15/20
2189,USA,15,0.0,3.0,2/15/20
2188,Vietnam,16,0.0,7.0,2/15/20
2187,Germany,16,0.0,1.0,2/15/20
2186,Taiwan,18,0.0,1.0,2/15/20
2185,Malaysia,21,0.0,7.0,2/15/20
2184,S. Korea,28,0.0,9.0,2/15/20
2183,Thailand,34,0.0,14.0,2/15/20
2182,Hong Kong,56,1.0,1.0,2/15/20
2181,Singapore,67,0.0,17.0,2/15/20
2180,Japan,260,1.0,11.0,2/15/20
2179,China,66493,1523.0,8251.0,2/15/20
2178,Finland,1,0.0,1.0,2/16/20
2177,Sri Lanka,1,0.0,1.0,2/16/20
2176,Belgium,1,0.0,1.0,2/16/20
2175,Nepal,1,0.0,1.0,2/16/20
2174,Sweden,1,0.0,0.0,2/16/20
2173,Cambodia,1,0.0,1.0,2/16/20
2172,Egypt,1,0.0,0.0,2/16/20
2171,Spain,2,0.0,2.0,2/16/20
2170,Russia,2,0.0,2.0,2/16/20
2169,India,3,0.0,3.0,2/16/20
2168,Italy,3,0.0,0.0,2/16/20
2167,Philippines,3,1.0,2.0,2/16/20
2166,Canada,8,0.0,1.0,2/16/20
2165,U.K.,9,0.0,8.0,2/16/20
2164,U.A.E.,9,0.0,3.0,2/16/20
2163,Macao,10,0.0,5.0,2/16/20
2162,France,12,1.0,4.0,2/16/20
2161,USA,15,0.0,3.0,2/16/20
2160,Australia,15,0.0,10.0,2/16/20
2159,Vietnam,16,0.0,7.0,2/16/20
2158,Germany,16,0.0,3.0,2/16/20
2157,Taiwan,20,1.0,2.0,2/16/20
2156,Malaysia,22,0.0,8.0,2/16/20
2155,S. Korea,29,0.0,9.0,2/16/20
2154,Thailand,34,0.0,14.0,2/16/20
2153,Hong Kong,57,1.0,2.0,2/16/20
2152,Singapore,75,0.0,19.0,2/16/20
2151,Japan,414,1.0,17.0,2/16/20
2150,China,68509,1666.0,9754.0,2/16/20
2149,Egypt,1,0.0,0.0,2/17/20
2148,Finland,1,0.0,1.0,2/17/20
2147,Sri Lanka,1,0.0,1.0,2/17/20
2146,Belgium,1,0.0,1.0,2/17/20
2145,Nepal,1,0.0,1.0,2/17/20
2144,Sweden,1,0.0,0.0,2/17/20
2143,Cambodia,1,0.0,1.0,2/17/20
2142,Spain,2,0.0,2.0,2/17/20
2141,Russia,2,0.0,2.0,2/17/20
2140,India,3,0.0,3.0,2/17/20
2139,Italy,3,0.0,0.0,2/17/20
2138,Philippines,3,1.0,2.0,2/17/20
2137,Canada,8,0.0,1.0,2/17/20
2136,U.A.E.,9,0.0,3.0,2/17/20
2135,U.K.,9,0.0,8.0,2/17/20
2134,Macao,10,0.0,5.0,2/17/20
2133,France,12,1.0,4.0,2/17/20
2132,Australia,15,0.0,10.0,2/17/20
2131,USA,15,0.0,3.0,2/17/20
2130,Germany,16,0.0,3.0,2/17/20
2129,Vietnam,16,0.0,7.0,2/17/20
2128,Taiwan,20,1.0,2.0,2/17/20
2127,Malaysia,22,0.0,8.0,2/17/20
2126,S. Korea,30,0.0,10.0,2/17/20
2125,Thailand,35,0.0,15.0,2/17/20
2124,Hong Kong,58,1.0,2.0,2/17/20
2123,Japan,65,1.0,17.0,2/17/20
2122,Singapore,75,0.0,19.0,2/17/20
2121,Cruise Ship,454,0.0,17.0,2/17/20
2120,China,70553,1771.0,11158.0,2/17/20
2119,Finland,1,0.0,1.0,2/18/20
2118,Sri Lanka,1,0.0,1.0,2/18/20
2117,Belgium,1,0.0,1.0,2/18/20
2116,Nepal,1,0.0,1.0,2/18/20
2115,Sweden,1,0.0,0.0,2/18/20
2114,Cambodia,1,0.0,1.0,2/18/20
2113,Egypt,1,0.0,0.0,2/18/20
2112,Spain,2,0.0,2.0,2/18/20
2111,Russia,2,0.0,2.0,2/18/20
2110,India,3,0.0,3.0,2/18/20
2109,Italy,3,0.0,0.0,2/18/20
2108,Philippines,3,1.0,2.0,2/18/20
2107,Canada,8,0.0,1.0,2/18/20
2106,U.K.,9,0.0,8.0,2/18/20
2105,U.A.E.,9,0.0,3.0,2/18/20
2104,Macao,10,0.0,5.0,2/18/20
2103,France,12,1.0,5.0,2/18/20
2102,USA,15,0.0,3.0,2/18/20
2101,Australia,15,0.0,10.0,2/18/20
2100,Vietnam,16,0.0,7.0,2/18/20
2099,Germany,16,0.0,9.0,2/18/20
2098,Malaysia,22,0.0,11.0,2/18/20
2097,Taiwan,22,1.0,2.0,2/18/20
2096,S. Korea,31,0.0,12.0,2/18/20
2095,Thailand,35,0.0,17.0,2/18/20
2094,Hong Kong,62,1.0,2.0,2/18/20
2093,Japan,74,1.0,20.0,2/18/20
2092,Singapore,81,0.0,29.0,2/18/20
2091,Diamond Princess,542,0.0,17.0,2/18/20
2090,China,72440,1870.0,12994.0,2/18/20
2089,Sri Lanka,1,0.0,1.0,2/19/20
2088,Cambodia,1,0.0,1.0,2/19/20
2087,Nepal,1,0.0,1.0,2/19/20
2086,Sweden,1,0.0,0.0,2/19/20
2085,Egypt,1,0.0,0.0,2/19/20
2084,Finland,1,0.0,1.0,2/19/20
2083,Belgium,1,0.0,1.0,2/19/20
2082,Spain,2,0.0,2.0,2/19/20
2081,Russia,2,0.0,2.0,2/19/20
2080,Iran,2,2.0,0.0,2/19/20
2079,Italy,3,0.0,0.0,2/19/20
2078,India,3,0.0,3.0,2/19/20
2077,Philippines,3,1.0,2.0,2/19/20
2076,Canada,8,0.0,1.0,2/19/20
2075,U.K.,9,0.0,8.0,2/19/20
2074,U.A.E.,9,0.0,3.0,2/19/20
2073,Macao,10,0.0,5.0,2/19/20
2072,France,12,1.0,7.0,2/19/20
2071,Australia,15,0.0,10.0,2/19/20
2070,USA,15,0.0,3.0,2/19/20
2069,Vietnam,16,0.0,14.0,2/19/20
2068,Germany,16,0.0,9.0,2/19/20
2067,Malaysia,22,0.0,15.0,2/19/20
2066,Taiwan,23,1.0,2.0,2/19/20
2065,Thailand,35,0.0,17.0,2/19/20
2064,S. Korea,51,0.0,16.0,2/19/20
2063,Hong Kong,65,2.0,5.0,2/19/20
2062,Singapore,84,0.0,34.0,2/19/20
2061,Japan,84,1.0,20.0,2/19/20
2060,Diamond Princess,621,0.0,17.0,2/19/20
2059,China,74192,2006.0,14926.0,2/19/20
2058,Sweden,1,0.0,0.0,2/20/20
2057,Sri Lanka,1,0.0,1.0,2/20/20
2056,Nepal,1,0.0,1.0,2/20/20
2055,Finland,1,0.0,1.0,2/20/20
2054,Egypt,1,0.0,1.0,2/20/20
2053,Cambodia,1,0.0,1.0,2/20/20
2052,Belgium,1,0.0,1.0,2/20/20
2051,Spain,2,0.0,2.0,2/20/20
2050,Russia,2,0.0,2.0,2/20/20
2049,Italy,3,0.0,0.0,2/20/20
2048,India,3,0.0,3.0,2/20/20
2047,Philippines,3,1.0,2.0,2/20/20
2046,Iran,5,2.0,0.0,2/20/20
2045,Canada,8,0.0,2.0,2/20/20
2044,U.A.E.,9,0.0,3.0,2/20/20
2043,U.K.,9,0.0,8.0,2/20/20
2042,Macao,10,0.0,6.0,2/20/20
2041,France,12,1.0,7.0,2/20/20
2040,USA,15,0.0,3.0,2/20/20
2039,Australia,15,0.0,11.0,2/20/20
2038,Vietnam,16,0.0,14.0,2/20/20
2037,Germany,16,0.0,9.0,2/20/20
2036,Malaysia,22,0.0,17.0,2/20/20
2035,Taiwan,24,1.0,2.0,2/20/20
2034,Thailand,35,0.0,17.0,2/20/20
2033,Hong Kong,67,2.0,6.0,2/20/20
2032,Singapore,85,0.0,37.0,2/20/20
2031,Japan,94,1.0,20.0,2/20/20
2030,S. Korea,104,1.0,16.0,2/20/20
2029,Diamond Princess,634,2.0,17.0,2/20/20
2028,China,74581,2119.0,16707.0,2/20/20
2027,Sweden,1,0.0,1.0,2/21/20
2026,Sri Lanka,1,0.0,1.0,2/21/20
2025,Nepal,1,0.0,1.0,2/21/20
2024,Lebanon,1,0.0,0.0,2/21/20
2023,Israel,1,0.0,0.0,2/21/20
2022,Finland,1,0.0,1.0,2/21/20
2021,Egypt,1,0.0,1.0,2/21/20
2020,Cambodia,1,0.0,1.0,2/21/20
2019,Belgium,1,0.0,1.0,2/21/20
2018,Spain,2,0.0,2.0,2/21/20
2017,Russia,2,0.0,2.0,2/21/20
2016,India,3,0.0,3.0,2/21/20
2015,Philippines,3,1.0,2.0,2/21/20
2014,U.K.,9,0.0,8.0,2/21/20
2013,Italy,9,0.0,1.0,2/21/20
2012,Canada,9,0.0,3.0,2/21/20
2011,Macao,10,0.0,6.0,2/21/20
2010,U.A.E.,11,0.0,3.0,2/21/20
2009,France,12,1.0,7.0,2/21/20
2008,Vietnam,16,0.0,15.0,2/21/20
2007,Germany,16,0.0,13.0,2/21/20
2006,Iran,18,4.0,0.0,2/21/20
2005,Australia,19,0.0,11.0,2/21/20
2004,Malaysia,22,0.0,17.0,2/21/20
2003,Taiwan,26,1.0,2.0,2/21/20
2002,USA *,27,0.0,6.0,2/21/20
2001,Thailand,35,0.0,19.0,2/21/20
2000,Hong Kong,69,2.0,6.0,2/21/20
1999,Singapore,86,0.0,47.0,2/21/20
1998,Japan,107,1.0,22.0,2/21/20
1997,S. Korea,204,2.0,17.0,2/21/20
1996,Diamond Princess,634,2.0,17.0,2/21/20
1995,China,75467,2236.0,18667.0,2/21/20
1994,Sweden,1,0.0,0.0,2/22/20
1993,Sri Lanka,1,0.0,1.0,2/22/20
1992,Nepal,1,0.0,1.0,2/22/20
1991,Lebanon,1,0.0,0.0,2/22/20
1990,Israel,1,0.0,0.0,2/22/20
1989,Finland,1,0.0,1.0,2/22/20
1988,Egypt,1,0.0,1.0,2/22/20
1987,Cambodia,1,0.0,1.0,2/22/20
1986,Belgium,1,0.0,1.0,2/22/20
1985,Spain,2,0.0,2.0,2/22/20
1984,Russia,2,0.0,2.0,2/22/20
1983,India,3,0.0,3.0,2/22/20
1982,Philippines,3,1.0,2.0,2/22/20
1981,U.K.,9,0.0,8.0,2/22/20
1980,Canada,9,0.0,3.0,2/22/20
1979,Macao,10,0.0,6.0,2/22/20
1978,France,12,1.0,7.0,2/22/20
1977,U.A.E.,13,0.0,3.0,2/22/20
1976,Vietnam,16,0.0,15.0,2/22/20
1975,Germany,16,0.0,14.0,2/22/20
1974,Australia,21,0.0,11.0,2/22/20
1973,Malaysia,22,0.0,17.0,2/22/20
1972,Taiwan,26,1.0,2.0,2/22/20
1971,Iran,28,9.0,0.0,2/22/20
1970,USA,35,0.0,6.0,2/22/20
1969,Thailand,35,0.0,20.0,2/22/20
1968,Italy,56,2.0,2.0,2/22/20
1967,Hong Kong,70,2.0,10.0,2/22/20
1966,Singapore,89,0.0,49.0,2/22/20
1965,Japan,133,1.0,22.0,2/22/20
1964,S. Korea,433,2.0,18.0,2/22/20
1963,Diamond Princess,634,2.0,17.0,2/22/20
1962,China,76291,2345.0,21068.0,2/22/20
1961,Iraq,1,0.0,0.0,2/23/20
1960,Sweden,1,0.0,0.0,2/23/20
1959,Sri Lanka,1,0.0,1.0,2/23/20
1958,Nepal,1,0.0,1.0,2/23/20
1957,Lebanon,1,0.0,0.0,2/23/20
1956,Finland,1,0.0,1.0,2/23/20
1955,Egypt,1,0.0,1.0,2/23/20
1954,Cambodia,1,0.0,1.0,2/23/20
1953,Belgium,1,0.0,1.0,2/23/20
1952,Spain,2,0.0,2.0,2/23/20
1951,Russia,2,0.0,2.0,2/23/20
1950,Israel,2,0.0,0.0,2/23/20
1949,India,3,0.0,3.0,2/23/20
1948,Philippines,3,1.0,2.0,2/23/20
1947,Canada,9,0.0,3.0,2/23/20
1946,Macao,10,0.0,6.0,2/23/20
1945,France,12,1.0,10.0,2/23/20
1944,U.A.E.,13,0.0,3.0,2/23/20
1943,U.K.,13,0.0,8.0,2/23/20
1942,Vietnam,16,0.0,15.0,2/23/20
1941,Germany,16,0.0,14.0,2/23/20
1940,Malaysia,22,0.0,18.0,2/23/20
1939,Australia,22,0.0,11.0,2/23/20
1938,Taiwan,28,1.0,2.0,2/23/20
1937,USA,35,0.0,7.0,2/23/20
1936,Thailand,35,0.0,21.0,2/23/20
1935,Iran,43,8.0,0.0,2/23/20
1934,Hong Kong,74,2.0,12.0,2/23/20
1933,Singapore,89,0.0,51.0,2/23/20
1932,Japan,146,1.0,23.0,2/23/20
1931,Italy,157,3.0,2.0,2/23/20
1930,S. Korea,602,6.0,18.0,2/23/20
1929,Diamond Princess,691,3.0,17.0,2/23/20
1928,China,76940,2444.0,23163.0,2/23/20
1927,Sweden,1,0.0,0.0,2/24/20
1926,Sri Lanka,1,0.0,1.0,2/24/20
1925,Nepal,1,0.0,1.0,2/24/20
1924,Lebanon,1,0.0,0.0,2/24/20
1923,Iraq,1,0.0,0.0,2/24/20
1922,Finland,1,0.0,1.0,2/24/20
1921,Egypt,1,0.0,1.0,2/24/20
1920,Cambodia,1,0.0,1.0,2/24/20
1919,Belgium,1,0.0,1.0,2/24/20
1918,Bahrain,1,0.0,0.0,2/24/20
1917,Afghanistan,1,0.0,0.0,2/24/20
1916,Spain,2,0.0,2.0,2/24/20
1915,Russia,2,0.0,2.0,2/24/20
1914,Oman,2,0.0,0.0,2/24/20
1913,Israel,2,0.0,0.0,2/24/20
1912,Kuwait,3,0.0,0.0,2/24/20
1911,India,3,0.0,3.0,2/24/20
1910,Philippines,3,1.0,2.0,2/24/20
1909,Macao,10,0.0,5.0,2/24/20
1908,Canada,11,0.0,3.0,2/24/20
1907,France,12,1.0,11.0,2/24/20
1906,U.A.E.,13,0.0,3.0,2/24/20
1905,U.K.,13,0.0,8.0,2/24/20
1904,Vietnam,16,0.0,15.0,2/24/20
1903,Germany,16,0.0,14.0,2/24/20
1902,Malaysia,22,0.0,17.0,2/24/20
1901,Australia,22,0.0,11.0,2/24/20
1900,Taiwan,30,1.0,2.0,2/24/20
1899,Thailand,35,0.0,15.0,2/24/20
1898,Iran,47,12.0,3.0,2/24/20
1897,USA,53,0.0,5.0,2/24/20
1896,Hong Kong,81,2.0,12.0,2/24/20
1895,Singapore,90,0.0,49.0,2/24/20
1894,Japan,146,1.0,23.0,2/24/20
1893,Italy,223,6.0,1.0,2/24/20
1892,Diamond Princess,691,3.0,2.0,2/24/20
1891,S. Korea,833,8.0,22.0,2/24/20
1890,China,77345,2593.0,25036.0,2/24/20
1889,Switzerland,1,0.0,0.0,2/25/20
1888,Sweden,1,0.0,0.0,2/25/20
1887,Sri Lanka,1,0.0,1.0,2/25/20
1886,Nepal,1,0.0,1.0,2/25/20
1885,Lebanon,1,0.0,0.0,2/25/20
1884,Finland,1,0.0,1.0,2/25/20
1883,Egypt,1,0.0,1.0,2/25/20
1882,Croatia,1,0.0,0.0,2/25/20
1881,Cambodia,1,0.0,1.0,2/25/20
1880,Belgium,1,0.0,1.0,2/25/20
1879,Afghanistan,1,0.0,0.0,2/25/20
1878,Russia,2,0.0,2.0,2/25/20
1877,Israel,2,0.0,0.0,2/25/20
1876,Austria,2,0.0,0.0,2/25/20
1875,India,3,0.0,3.0,2/25/20
1874,Philippines,3,1.0,2.0,2/25/20
1873,Oman,4,0.0,0.0,2/25/20
1872,Spain,5,0.0,2.0,2/25/20
1871,Iraq,5,0.0,0.0,2/25/20
1870,Kuwait,9,0.0,0.0,2/25/20
1869,Macao,10,0.0,5.0,2/25/20
1868,Canada,11,0.0,3.0,2/25/20
1867,U.A.E.,13,0.0,3.0,2/25/20
1866,U.K.,13,0.0,8.0,2/25/20
1865,France,14,1.0,11.0,2/25/20
1864,Vietnam,16,0.0,16.0,2/25/20
1863,Germany,16,0.0,14.0,2/25/20
1862,Malaysia,22,0.0,20.0,2/25/20
1861,Australia,22,0.0,11.0,2/25/20
1860,Bahrain,23,0.0,0.0,2/25/20
1859,Taiwan,31,1.0,5.0,2/25/20
1858,Thailand,37,0.0,21.0,2/25/20
1857,USA,57,0.0,6.0,2/25/20
1856,Hong Kong,85,2.0,18.0,2/25/20
1855,Singapore,91,0.0,58.0,2/25/20
1854,Iran,95,15.0,3.0,2/25/20
1853,Japan,161,1.0,23.0,2/25/20
1852,Italy,323,11.0,1.0,2/25/20
1851,Diamond Princess,691,4.0,10.0,2/25/20
1850,S. Korea,977,11.0,22.0,2/25/20
1849,China,77666,2664.0,27636.0,2/25/20
1848,Switzerland,1,0.0,0.0,2/26/20
1847,Sri Lanka,1,0.0,1.0,2/26/20
1846,Nepal,1,0.0,1.0,2/26/20
1845,North Macedonia,1,0.0,0.0,2/26/20
1844,Greece,1,0.0,0.0,2/26/20
1843,Egypt,1,0.0,1.0,2/26/20
1842,Cambodia,1,0.0,1.0,2/26/20
1841,Brazil,1,0.0,0.0,2/26/20
1840,Belgium,1,0.0,1.0,2/26/20
1839,Algeria,1,0.0,0.0,2/26/20
1838,Afghanistan,1,0.0,0.0,2/26/20
1837,Sweden,2,0.0,0.0,2/26/20
1836,Russia,2,0.0,2.0,2/26/20
1835,Pakistan,2,0.0,0.0,2/26/20
1834,Lebanon,2,0.0,0.0,2/26/20
1833,Israel,2,0.0,0.0,2/26/20
1832,Finland,2,0.0,1.0,2/26/20
1831,Croatia,2,0.0,0.0,2/26/20
1830,Austria,2,0.0,0.0,2/26/20
1829,India,3,0.0,3.0,2/26/20
1828,Philippines,3,1.0,2.0,2/26/20
1827,Oman,4,0.0,0.0,2/26/20
1826,Iraq,5,0.0,0.0,2/26/20
1825,Macao,10,0.0,6.0,2/26/20
1824,Spain,12,0.0,2.0,2/26/20
1823,Canada,12,0.0,3.0,2/26/20
1822,U.A.E.,13,0.0,3.0,2/26/20
1821,U.K.,13,0.0,8.0,2/26/20
1820,Vietnam,16,0.0,16.0,2/26/20
1819,France,17,2.0,11.0,2/26/20
1818,Germany,19,0.0,15.0,2/26/20
1817,Malaysia,22,0.0,20.0,2/26/20
1816,Australia,23,0.0,15.0,2/26/20
1815,Kuwait,26,0.0,0.0,2/26/20
1814,Bahrain,26,0.0,0.0,2/26/20
1813,Taiwan,32,1.0,5.0,2/26/20
1812,Thailand,40,0.0,22.0,2/26/20
1811,USA,57,0.0,6.0,2/26/20
1810,Hong Kong,89,2.0,18.0,2/26/20
1809,Singapore,93,0.0,62.0,2/26/20
1808,Iran,139,19.0,25.0,2/26/20
1807,Japan,172,2.0,23.0,2/26/20
1806,Italy,383,12.0,3.0,2/26/20
1805,Diamond Princess,705,4.0,10.0,2/26/20
1804,S. Korea,1261,12.0,24.0,2/26/20
1803,China,78073,2715.0,30049.0,2/26/20
1802,Sri Lanka,1,0.0,1.0,2/27/20
1801,Romania,1,0.0,0.0,2/27/20
1800,Norway,1,0.0,0.0,2/27/20
1799,Nepal,1,0.0,1.0,2/27/20
1798,North Macedonia,1,0.0,0.0,2/27/20
1797,Georgia,1,0.0,0.0,2/27/20
1796,Estonia,1,0.0,0.0,2/27/20
1795,Egypt,1,0.0,1.0,2/27/20
1794,Denmark,1,0.0,0.0,2/27/20
1793,Cambodia,1,0.0,1.0,2/27/20
1792,Brazil,1,0.0,0.0,2/27/20
1791,Belgium,1,0.0,1.0,2/27/20
1790,Algeria,1,0.0,0.0,2/27/20
1789,Afghanistan,1,0.0,0.0,2/27/20
1788,Russia,2,0.0,2.0,2/27/20
1787,Pakistan,2,0.0,0.0,2/27/20
1786,Finland,2,0.0,1.0,2/27/20
1785,Lebanon,3,0.0,0.0,2/27/20
1784,Israel,3,0.0,0.0,2/27/20
1783,India,3,0.0,3.0,2/27/20
1782,Greece,3,0.0,0.0,2/27/20
1781,Croatia,3,0.0,0.0,2/27/20
1780,Austria,3,0.0,0.0,2/27/20
1779,Philippines,3,1.0,2.0,2/27/20
1778,Switzerland,6,0.0,0.0,2/27/20
1777,Oman,6,0.0,0.0,2/27/20
1776,Iraq,6,0.0,0.0,2/27/20
1775,Sweden,7,0.0,0.0,2/27/20
1774,Macao,10,0.0,6.0,2/27/20
1773,Canada,12,0.0,3.0,2/27/20
1772,Vietnam,16,0.0,16.0,2/27/20
1771,U.K.,16,0.0,8.0,2/27/20
1770,Spain,17,0.0,2.0,2/27/20
1769,U.A.E.,19,0.0,5.0,2/27/20
1768,Malaysia,22,0.0,20.0,2/27/20
1767,Australia,23,0.0,15.0,2/27/20
1766,France,28,2.0,11.0,2/27/20
1765,Taiwan,32,1.0,5.0,2/27/20
1764,Bahrain,33,0.0,0.0,2/27/20
1763,Thailand,40,0.0,22.0,2/27/20
1762,Germany,41,0.0,15.0,2/27/20
1761,Kuwait,43,0.0,0.0,2/27/20
1760,USA,60,0.0,6.0,2/27/20
1759,Hong Kong,92,2.0,18.0,2/27/20
1758,Singapore,96,0.0,66.0,2/27/20
1757,Japan,207,4.0,32.0,2/27/20
1756,Iran,245,26.0,54.0,2/27/20
1755,Italy,655,17.0,45.0,2/27/20
1754,Diamond Princess,705,4.0,10.0,2/27/20
1753,S. Korea,1766,13.0,24.0,2/27/20
1752,China,78514,2747.0,32954.0,2/27/20
1751,Sri Lanka,1,0.0,1.0,2/28/20
1750,San Marino,1,0.0,0.0,2/28/20
1749,Nigeria,1,0.0,0.0,2/28/20
1748,New Zealand,1,0.0,0.0,2/28/20
1747,Nepal,1,0.0,1.0,2/28/20
1746,North Macedonia,1,0.0,0.0,2/28/20
1745,Lithuania,1,0.0,0.0,2/28/20
1744,Iceland,1,0.0,0.0,2/28/20
1743,Estonia,1,0.0,0.0,2/28/20
1742,Egypt,1,0.0,1.0,2/28/20
1741,Denmark,1,0.0,0.0,2/28/20
1740,Cambodia,1,0.0,1.0,2/28/20
1739,Brazil,1,0.0,0.0,2/28/20
1738,Belgium,1,0.0,1.0,2/28/20
1737,Belarus,1,0.0,0.0,2/28/20
1736,Azerbaijan,1,0.0,0.0,2/28/20
1735,Algeria,1,0.0,0.0,2/28/20
1734,Afghanistan,1,0.0,0.0,2/28/20
1733,Russia,2,0.0,2.0,2/28/20
1732,Pakistan,2,0.0,0.0,2/28/20
1731,Netherlands,2,0.0,0.0,2/28/20
1730,Mexico,2,0.0,0.0,2/28/20
1729,Georgia,2,0.0,0.0,2/28/20
1728,Finland,2,0.0,1.0,2/28/20
1727,Romania,3,0.0,1.0,2/28/20
1726,Lebanon,3,0.0,0.0,2/28/20
1725,India,3,0.0,3.0,2/28/20
1724,Philippines,3,1.0,2.0,2/28/20
1723,Norway,4,0.0,0.0,2/28/20
1722,Greece,4,0.0,0.0,2/28/20
1721,Croatia,5,0.0,0.0,2/28/20
1720,Oman,6,0.0,0.0,2/28/20
1719,Israel,6,0.0,1.0,2/28/20
1718,Austria,6,0.0,0.0,2/28/20
1717,Iraq,8,0.0,0.0,2/28/20
1716,Macao,10,0.0,6.0,2/28/20
1715,Sweden,11,0.0,0.0,2/28/20
1714,Canada,14,0.0,3.0,2/28/20
1713,Switzerland,15,0.0,0.0,2/28/20
1712,Vietnam,16,0.0,16.0,2/28/20
1711,U.A.E.,19,0.0,5.0,2/28/20
1710,U.K.,19,0.0,8.0,2/28/20
1709,Australia,24,0.0,15.0,2/28/20
1708,Malaysia,25,0.0,20.0,2/28/20
1707,Spain,33,0.0,2.0,2/28/20
1706,Taiwan,34,1.0,5.0,2/28/20
1705,Bahrain,38,0.0,0.0,2/28/20
1704,Thailand,41,0.0,22.0,2/28/20
1703,France,41,2.0,11.0,2/28/20
1702,Kuwait,45,0.0,0.0,2/28/20
1701,USA,60,0.0,6.0,2/28/20
1700,Germany,60,0.0,16.0,2/28/20
1699,Hong Kong,93,2.0,18.0,2/28/20
1698,Singapore,96,0.0,66.0,2/28/20
1697,Japan,226,5.0,32.0,2/28/20
1696,Iran,388,34.0,73.0,2/28/20
1695,Diamond Princess,705,6.0,10.0,2/28/20
1694,Italy,888,21.0,46.0,2/28/20
1693,S. Korea,2337,16.0,24.0,2/28/20
1692,China,78832,2788.0,36455.0,2/28/20
1691,Sri Lanka,1,0.0,1.0,2/29/20
1690,San Marino,1,0.0,0.0,2/29/20
1689,Qatar,1,0.0,0.0,2/29/20
1688,Nigeria,1,0.0,0.0,2/29/20
1687,New Zealand,1,0.0,0.0,2/29/20
1686,Nepal,1,0.0,1.0,2/29/20
1685,Monaco,1,0.0,0.0,2/29/20
1684,North Macedonia,1,0.0,0.0,2/29/20
1683,Lithuania,1,0.0,0.0,2/29/20
1682,Iceland,1,0.0,0.0,2/29/20
1681,Estonia,1,0.0,0.0,2/29/20
1680,Egypt,1,0.0,1.0,2/29/20
1679,Ecuador,1,0.0,0.0,2/29/20
1678,Cambodia,1,0.0,1.0,2/29/20
1677,Brazil,1,0.0,0.0,2/29/20
1676,Belgium,1,0.0,1.0,2/29/20
1675,Belarus,1,0.0,0.0,2/29/20
1674,Azerbaijan,1,0.0,0.0,2/29/20
1673,Algeria,1,0.0,0.0,2/29/20
1672,Afghanistan,1,0.0,0.0,2/29/20
1671,Russia,2,0.0,2.0,2/29/20
1670,Romania,3,0.0,1.0,2/29/20
1669,Mexico,3,0.0,0.0,2/29/20
1668,India,3,0.0,3.0,2/29/20
1667,Georgia,3,0.0,0.0,2/29/20
1666,Finland,3,0.0,1.0,2/29/20
1665,Denmark,3,0.0,0.0,2/29/20
1664,Philippines,3,1.0,2.0,2/29/20
1663,Pakistan,4,0.0,0.0,2/29/20
1662,Greece,4,0.0,0.0,2/29/20
1661,Oman,6,0.0,1.0,2/29/20
1660,Netherlands,6,0.0,0.0,2/29/20
1659,Croatia,6,0.0,0.0,2/29/20
1658,Lebanon,7,0.0,0.0,2/29/20
1657,Israel,7,0.0,1.0,2/29/20
1656,Austria,9,0.0,0.0,2/29/20
1655,Macao,10,0.0,6.0,2/29/20
1654,Sweden,12,0.0,0.0,2/29/20
1653,Iraq,13,0.0,0.0,2/29/20
1652,Norway,15,0.0,0.0,2/29/20
1651,Vietnam,16,0.0,16.0,2/29/20
1650,Canada,16,0.0,3.0,2/29/20
1649,Switzerland,19,0.0,0.0,2/29/20
1648,U.A.E.,21,0.0,5.0,2/29/20
1647,U.K.,23,0.0,8.0,2/29/20
1646,Malaysia,25,0.0,20.0,2/29/20
1645,Australia,25,0.0,15.0,2/29/20
1644,Taiwan,39,1.0,5.0,2/29/20
1643,Bahrain,41,0.0,0.0,2/29/20
1642,Thailand,42,0.0,28.0,2/29/20
1641,Kuwait,45,0.0,0.0,2/29/20
1640,Spain,50,0.0,2.0,2/29/20
1639,USA,68,1.0,7.0,2/29/20
1638,Germany,79,0.0,16.0,2/29/20
1637,Hong Kong,93,2.0,30.0,2/29/20
1636,France,100,2.0,12.0,2/29/20
1635,Singapore,102,0.0,72.0,2/29/20
1634,Japan,241,5.0,32.0,2/29/20
1633,Iran,593,43.0,123.0,2/29/20
1632,Diamond Princess,705,6.0,10.0,2/29/20
1631,Italy,1128,29.0,50.0,2/29/20
1630,S. Korea,3150,17.0,24.0,2/29/20
1629,China,79257,2835.0,39301.0,2/29/20
1628,Armenia,1,0.0,0.0,3/1/20
1627,Sri Lanka,1,0.0,1.0,3/1/20
1626,San Marino,1,0.0,0.0,3/1/20
1625,Nigeria,1,0.0,0.0,3/1/20
1624,New Zealand,1,0.0,0.0,3/1/20
1623,Nepal,1,0.0,1.0,3/1/20
1622,Monaco,1,0.0,0.0,3/1/20
1621,North Macedonia,1,0.0,0.0,3/1/20
1620,Luxembourg,1,0.0,0.0,3/1/20
1619,Lithuania,1,0.0,0.0,3/1/20
1618,Ireland,1,0.0,0.0,3/1/20
1617,Estonia,1,0.0,0.0,3/1/20
1616,Egypt,1,0.0,1.0,3/1/20
1615,Ecuador,1,0.0,0.0,3/1/20
1614,Dominican Republic,1,0.0,0.0,3/1/20
1613,Cambodia,1,0.0,1.0,3/1/20
1612,Belarus,1,0.0,0.0,3/1/20
1611,Afghanistan,1,0.0,0.0,3/1/20
1610,Russia,2,0.0,2.0,3/1/20
1609,Iceland,2,0.0,0.0,3/1/20
1608,Brazil,2,0.0,0.0,3/1/20
1607,Belgium,2,0.0,1.0,3/1/20
1606,Algeria,2,0.0,0.0,3/1/20
1605,Romania,3,0.0,1.0,3/1/20
1604,Qatar,3,0.0,0.0,3/1/20
1603,India,3,0.0,3.0,3/1/20
1602,Georgia,3,0.0,0.0,3/1/20
1601,Denmark,3,0.0,0.0,3/1/20
1600,Czechia,3,0.0,0.0,3/1/20
1599,Azerbaijan,3,0.0,0.0,3/1/20
1598,Philippines,3,1.0,2.0,3/1/20
1597,Pakistan,4,0.0,0.0,3/1/20
1596,Mexico,4,0.0,0.0,3/1/20
1595,Oman,6,0.0,1.0,3/1/20
1594,Finland,6,0.0,1.0,3/1/20
1593,Israel,7,0.0,1.0,3/1/20
1592,Greece,7,0.0,0.0,3/1/20
1591,Croatia,7,0.0,0.0,3/1/20
1590,Netherlands,10,0.0,0.0,3/1/20
1589,Lebanon,10,0.0,0.0,3/1/20
1588,Macao,10,0.0,6.0,3/1/20
1587,Sweden,13,0.0,0.0,3/1/20
1586,Austria,14,0.0,0.0,3/1/20
1585,Vietnam,16,0.0,16.0,3/1/20
1584,Switzerland,19,0.0,1.0,3/1/20
1583,Norway,19,0.0,0.0,3/1/20
1582,Iraq,19,0.0,0.0,3/1/20
1581,Canada,20,0.0,4.0,3/1/20
1580,U.A.E.,21,0.0,5.0,3/1/20
1579,Australia,26,1.0,15.0,3/1/20
1578,Malaysia,29,0.0,22.0,3/1/20
1577,U.K.,36,0.0,8.0,3/1/20
1576,Taiwan,40,1.0,12.0,3/1/20
1575,Thailand,42,1.0,30.0,3/1/20
1574,Kuwait,46,0.0,0.0,3/1/20
1573,Bahrain,47,0.0,0.0,3/1/20
1572,USA,73,1.0,9.0,3/1/20
1571,Spain,79,0.0,2.0,3/1/20
1570,Hong Kong,100,2.0,36.0,3/1/20
1569,Singapore,106,0.0,74.0,3/1/20
1568,Germany,129,0.0,16.0,3/1/20
1567,France,130,2.0,12.0,3/1/20
1566,Japan,252,6.0,32.0,3/1/20
1565,Diamond Princess,705,7.0,10.0,3/1/20
1564,Iran,978,54.0,175.0,3/1/20
1563,Italy,1694,34.0,83.0,3/1/20
1562,S. Korea,3736,21.0,30.0,3/1/20
1561,China,79828,2870.0,42114.0,3/1/20
1560,Tunisia,1,0.0,0.0,3/2/20
1559,Sri Lanka,1,0.0,1.0,3/2/20
1558,Senegal,1,0.0,0.0,3/2/20
1557,Saudi Arabia,1,0.0,0.0,3/2/20
1556,Nigeria,1,0.0,0.0,3/2/20
1555,New Zealand,1,0.0,0.0,3/2/20
1554,Nepal,1,0.0,1.0,3/2/20
1553,Morocco,1,0.0,0.0,3/2/20
1552,Monaco,1,0.0,0.0,3/2/20
1551,North Macedonia,1,0.0,0.0,3/2/20
1550,Luxembourg,1,0.0,0.0,3/2/20
1549,Lithuania,1,0.0,0.0,3/2/20
1548,Latvia,1,0.0,0.0,3/2/20
1547,Jordan,1,0.0,0.0,3/2/20
1546,Ireland,1,0.0,0.0,3/2/20
1545,Estonia,1,0.0,0.0,3/2/20
1544,Dominican Republic,1,0.0,0.0,3/2/20
1543,Cambodia,1,0.0,1.0,3/2/20
1542,Belarus,1,0.0,0.0,3/2/20
1541,Armenia,1,0.0,0.0,3/2/20
1540,Andorra,1,0.0,0.0,3/2/20
1539,Afghanistan,1,0.0,0.0,3/2/20
1538,Portugal,2,0.0,0.0,3/2/20
1537,Indonesia,2,0.0,0.0,3/2/20
1536,Egypt,2,0.0,1.0,3/2/20
1535,Brazil,2,0.0,0.0,3/2/20
1534,Russia,3,0.0,2.0,3/2/20
1533,Romania,3,0.0,1.0,3/2/20
1532,Georgia,3,0.0,0.0,3/2/20
1531,Czechia,3,0.0,0.0,3/2/20
1530,Azerbaijan,3,0.0,0.0,3/2/20
1529,Algeria,3,0.0,0.0,3/2/20
1528,Philippines,3,1.0,2.0,3/2/20
1527,Pakistan,4,0.0,0.0,3/2/20
1526,Denmark,4,0.0,0.0,3/2/20
1525,Mexico,5,0.0,0.0,3/2/20
1524,Oman,6,0.0,2.0,3/2/20
1523,India,6,0.0,3.0,3/2/20
1522,Iceland,6,0.0,0.0,3/2/20
1521,Finland,6,0.0,1.0,3/2/20
1520,Ecuador,6,0.0,0.0,3/2/20
1519,Qatar,7,0.0,0.0,3/2/20
1518,Greece,7,0.0,0.0,3/2/20
1517,Croatia,8,0.0,0.0,3/2/20
1516,Belgium,8,0.0,1.0,3/2/20
1515,San Marino,8,1.0,0.0,3/2/20
1514,Macao,10,0.0,6.0,3/2/20
1513,Israel,12,0.0,1.0,3/2/20
1512,Lebanon,13,0.0,0.0,3/2/20
1511,Sweden,15,0.0,0.0,3/2/20
1510,Vietnam,16,0.0,16.0,3/2/20
1509,Netherlands,18,0.0,0.0,3/2/20
1508,Austria,18,0.0,0.0,3/2/20
1507,U.A.E.,21,0.0,5.0,3/2/20
1506,Switzerland,24,0.0,1.0,3/2/20
1505,Norway,25,0.0,0.0,3/2/20
1504,Iraq,26,0.0,0.0,3/2/20
1503,Canada,27,0.0,7.0,3/2/20
1502,Malaysia,29,0.0,22.0,3/2/20
1501,Australia,33,1.0,15.0,3/2/20
1500,U.K.,40,0.0,8.0,3/2/20
1499,Taiwan,41,1.0,12.0,3/2/20
1498,Thailand,43,1.0,30.0,3/2/20
1497,Bahrain,49,0.0,0.0,3/2/20
1496,Kuwait,56,0.0,0.0,3/2/20
1495,USA,99,6.0,9.0,3/2/20
1494,Hong Kong,100,2.0,36.0,3/2/20
1493,Singapore,108,0.0,78.0,3/2/20
1492,Spain,120,0.0,2.0,3/2/20
1491,Germany,165,0.0,16.0,3/2/20
1490,France,191,3.0,12.0,3/2/20
1489,Japan,274,6.0,42.0,3/2/20
1488,Diamond Princess,705,7.0,100.0,3/2/20
1487,Iran,1501,66.0,291.0,3/2/20
1486,Italy,2036,52.0,149.0,3/2/20
1485,S. Korea,4335,28.0,30.0,3/2/20
1484,China,80026,2912.0,44822.0,3/2/20
1483,Liechtenstein,1,0.0,0.0,3/3/20
1482,Argentina,1,0.0,0.0,3/3/20
1481,Ukraine,1,0.0,0.0,3/3/20
1480,Tunisia,1,0.0,0.0,3/3/20
1479,Sri Lanka,1,0.0,1.0,3/3/20
1478,Senegal,1,0.0,0.0,3/3/20
1477,Saudi Arabia,1,0.0,0.0,3/3/20
1476,Nigeria,1,0.0,0.0,3/3/20
1475,New Zealand,1,0.0,0.0,3/3/20
1474,Nepal,1,0.0,1.0,3/3/20
1473,Morocco,1,0.0,0.0,3/3/20
1472,Monaco,1,0.0,0.0,3/3/20
1471,North Macedonia,1,0.0,0.0,3/3/20
1470,Luxembourg,1,0.0,0.0,3/3/20
1469,Lithuania,1,0.0,0.0,3/3/20
1468,Latvia,1,0.0,0.0,3/3/20
1467,Jordan,1,0.0,0.0,3/3/20
1466,Ireland,1,0.0,0.0,3/3/20
1465,Estonia,1,0.0,0.0,3/3/20
1464,Dominican Republic,1,0.0,0.0,3/3/20
1463,Cambodia,1,0.0,1.0,3/3/20
1462,Belarus,1,0.0,0.0,3/3/20
1461,Armenia,1,0.0,0.0,3/3/20
1460,Andorra,1,0.0,0.0,3/3/20
1459,Afghanistan,1,0.0,0.0,3/3/20
1458,Portugal,2,0.0,0.0,3/3/20
1457,Indonesia,2,0.0,0.0,3/3/20
1456,Egypt,2,0.0,1.0,3/3/20
1455,Brazil,2,0.0,0.0,3/3/20
1454,Russia,3,0.0,2.0,3/3/20
1453,Georgia,3,0.0,0.0,3/3/20
1452,Azerbaijan,3,0.0,0.0,3/3/20
1451,Philippines,3,1.0,2.0,3/3/20
1450,Romania,4,0.0,1.0,3/3/20
1449,Pakistan,5,0.0,0.0,3/3/20
1448,Czechia,5,0.0,0.0,3/3/20
1447,Algeria,5,0.0,0.0,3/3/20
1446,Mexico,6,0.0,1.0,3/3/20
1445,India,6,0.0,3.0,3/3/20
1444,Denmark,6,0.0,0.0,3/3/20
1443,Greece,7,0.0,0.0,3/3/20
1442,Finland,7,0.0,1.0,3/3/20
1441,Ecuador,7,0.0,0.0,3/3/20
1440,Qatar,8,0.0,0.0,3/3/20
1439,Croatia,9,0.0,0.0,3/3/20
1438,Macao,10,0.0,9.0,3/3/20
1437,San Marino,10,1.0,0.0,3/3/20
1436,Iceland,11,0.0,1.0,3/3/20
1435,Oman,12,0.0,2.0,3/3/20
1434,Israel,12,0.0,1.0,3/3/20
1433,Lebanon,13,0.0,0.0,3/3/20
1432,Belgium,13,0.0,1.0,3/3/20
1431,Vietnam,16,0.0,16.0,3/3/20
1430,U.A.E.,21,0.0,5.0,3/3/20
1429,Sweden,24,0.0,1.0,3/3/20
1428,Netherlands,24,0.0,0.0,3/3/20
1427,Austria,24,0.0,0.0,3/3/20
1426,Canada,29,0.0,7.0,3/3/20
1425,Norway,32,0.0,0.0,3/3/20
1424,Iraq,32,0.0,0.0,3/3/20
1423,Malaysia,36,0.0,22.0,3/3/20
1422,Australia,39,1.0,15.0,3/3/20
1421,Taiwan,42,1.0,12.0,3/3/20
1420,Thailand,43,1.0,30.0,3/3/20
1419,Bahrain,49,0.0,0.0,3/3/20
1418,U.K.,51,0.0,8.0,3/3/20
1417,Kuwait,56,0.0,0.0,3/3/20
1416,Switzerland,57,0.0,2.0,3/3/20
1415,Hong Kong,101,2.0,37.0,3/3/20
1414,USA,108,9.0,9.0,3/3/20
1413,Singapore,110,0.0,78.0,3/3/20
1412,Spain,165,1.0,2.0,3/3/20
1411,Germany,196,0.0,16.0,3/3/20
1410,France,204,4.0,12.0,3/3/20
1409,Japan,293,6.0,43.0,3/3/20
1408,Diamond Princess,706,6.0,100.0,3/3/20
1407,Iran,2336,77.0,435.0,3/3/20
1406,Italy,2502,79.0,160.0,3/3/20
1405,S. Korea,5186,34.0,34.0,3/3/20
1404,China,80152,2945.0,47397.0,3/3/20
1403,Poland,1,0.0,0.0,3/4/20
1402,Liechtenstein,1,0.0,0.0,3/4/20
1401,Faeroe Islands,1,0.0,0.0,3/4/20
1400,Argentina,1,0.0,0.0,3/4/20
1399,Ukraine,1,0.0,0.0,3/4/20
1398,Tunisia,1,0.0,0.0,3/4/20
1397,Sri Lanka,1,0.0,1.0,3/4/20
1396,Saudi Arabia,1,0.0,0.0,3/4/20
1395,Nigeria,1,0.0,0.0,3/4/20
1394,Nepal,1,0.0,1.0,3/4/20
1393,Morocco,1,0.0,0.0,3/4/20
1392,Monaco,1,0.0,0.0,3/4/20
1391,North Macedonia,1,0.0,0.0,3/4/20
1390,Luxembourg,1,0.0,0.0,3/4/20
1389,Lithuania,1,0.0,0.0,3/4/20
1388,Latvia,1,0.0,0.0,3/4/20
1387,Jordan,1,0.0,0.0,3/4/20
1386,Dominican Republic,1,0.0,0.0,3/4/20
1385,Cambodia,1,0.0,1.0,3/4/20
1384,Armenia,1,0.0,0.0,3/4/20
1383,Andorra,1,0.0,0.0,3/4/20
1382,Afghanistan,1,0.0,0.0,3/4/20
1381,Hungary,2,0.0,0.0,3/4/20
1380,Chile,2,0.0,0.0,3/4/20
1379,Senegal,2,0.0,0.0,3/4/20
1378,New Zealand,2,0.0,0.0,3/4/20
1377,Ireland,2,0.0,0.0,3/4/20
1376,Indonesia,2,0.0,0.0,3/4/20
1375,Estonia,2,0.0,0.0,3/4/20
1374,Egypt,2,0.0,1.0,3/4/20
1373,Brazil,2,0.0,0.0,3/4/20
1372,Russia,3,0.0,2.0,3/4/20
1371,Georgia,3,0.0,0.0,3/4/20
1370,Azerbaijan,3,0.0,0.0,3/4/20
1369,Philippines,3,1.0,2.0,3/4/20
1368,Portugal,5,0.0,0.0,3/4/20
1367,Pakistan,5,0.0,0.0,3/4/20
1366,Romania,6,0.0,1.0,3/4/20
1365,Mexico,6,0.0,1.0,3/4/20
1364,Belarus,6,0.0,0.0,3/4/20
1363,Finland,7,0.0,1.0,3/4/20
1362,Qatar,8,0.0,0.0,3/4/20
1361,Czechia,8,0.0,0.0,3/4/20
1360,Greece,9,0.0,0.0,3/4/20
1359,Croatia,9,0.0,0.0,3/4/20
1358,Ecuador,10,0.0,0.0,3/4/20
1357,Denmark,10,0.0,0.0,3/4/20
1356,Macao,10,0.0,9.0,3/4/20
1355,Algeria,12,0.0,0.0,3/4/20
1354,Oman,15,0.0,2.0,3/4/20
1353,Lebanon,15,0.0,0.0,3/4/20
1352,Israel,15,0.0,1.0,3/4/20
1351,Vietnam,16,0.0,16.0,3/4/20
1350,San Marino,16,1.0,0.0,3/4/20
1349,Belgium,23,0.0,1.0,3/4/20
1348,Iceland,26,0.0,1.0,3/4/20
1347,U.A.E.,27,0.0,5.0,3/4/20
1346,India,28,0.0,3.0,3/4/20
1345,Austria,29,0.0,0.0,3/4/20
1344,Canada,33,0.0,7.0,3/4/20
1343,Sweden,35,0.0,1.0,3/4/20
1342,Iraq,35,0.0,0.0,3/4/20
1341,Netherlands,38,0.0,0.0,3/4/20
1340,Taiwan,42,1.0,12.0,3/4/20
1339,Thailand,43,1.0,30.0,3/4/20
1338,Malaysia,50,0.0,22.0,3/4/20
1337,Australia,50,2.0,21.0,3/4/20
1336,Bahrain,52,0.0,1.0,3/4/20
1335,Norway,56,0.0,0.0,3/4/20
1334,Kuwait,56,0.0,0.0,3/4/20
1333,U.K.,85,0.0,8.0,3/4/20
1332,Switzerland,90,0.0,3.0,3/4/20
1331,Hong Kong,103,2.0,37.0,3/4/20
1330,Singapore,110,0.0,78.0,3/4/20
1329,USA,137,11.0,9.0,3/4/20
1328,Spain,222,2.0,2.0,3/4/20
1327,France,257,4.0,12.0,3/4/20
1326,Germany,262,0.0,16.0,3/4/20
1325,Japan,331,6.0,43.0,3/4/20
1324,Diamond Princess,706,6.0,212.0,3/4/20
1323,Iran,2922,92.0,552.0,3/4/20
1322,Italy,3089,107.0,276.0,3/4/20
1321,S. Korea,5621,35.0,41.0,3/4/20
1320,China,80282,2981.0,50003.0,3/4/20
1319,South Africa,1,0.0,0.0,3/5/20
1318,Poland,1,0.0,0.0,3/5/20
1317,Liechtenstein,1,0.0,0.0,3/5/20
1316,Argentina,1,0.0,0.0,3/5/20
1315,Ukraine,1,0.0,0.0,3/5/20
1314,Tunisia,1,0.0,0.0,3/5/20
1313,Sri Lanka,1,0.0,1.0,3/5/20
1312,Nigeria,1,0.0,0.0,3/5/20
1311,Nepal,1,0.0,1.0,3/5/20
1310,Monaco,1,0.0,0.0,3/5/20
1309,North Macedonia,1,0.0,0.0,3/5/20
1308,Luxembourg,1,0.0,0.0,3/5/20
1307,Lithuania,1,0.0,0.0,3/5/20
1306,Latvia,1,0.0,1.0,3/5/20
1305,Jordan,1,0.0,0.0,3/5/20
1304,Dominican Republic,1,0.0,0.0,3/5/20
1303,Cambodia,1,0.0,1.0,3/5/20
1302,Armenia,1,0.0,0.0,3/5/20
1301,Andorra,1,0.0,0.0,3/5/20
1300,Afghanistan,1,0.0,0.0,3/5/20
1299,Hungary,2,0.0,0.0,3/5/20
1298,Bosnia and Herzegovina,2,0.0,0.0,3/5/20
1297,Morocco,2,0.0,0.0,3/5/20
1296,Indonesia,2,0.0,0.0,3/5/20
1295,Slovenia,3,0.0,0.0,3/5/20
1294,Chile,3,0.0,0.0,3/5/20
1293,New Zealand,3,0.0,0.0,3/5/20
1292,Estonia,3,0.0,0.0,3/5/20
1291,Egypt,3,0.0,1.0,3/5/20
1290,Philippines,3,1.0,2.0,3/5/20
1289,Senegal,4,0.0,0.0,3/5/20
1288,Russia,4,0.0,2.0,3/5/20
1287,Georgia,4,0.0,0.0,3/5/20
1286,Brazil,4,0.0,0.0,3/5/20
1285,Saudi Arabia,5,0.0,1.0,3/5/20
1284,Pakistan,5,0.0,0.0,3/5/20
1283,Romania,6,0.0,1.0,3/5/20
1282,Mexico,6,0.0,1.0,3/5/20
1281,Belarus,6,0.0,0.0,3/5/20
1280,Azerbaijan,6,0.0,0.0,3/5/20
1279,Palestine,7,0.0,0.0,3/5/20
1278,Ireland,7,0.0,0.0,3/5/20
1277,Qatar,8,0.0,0.0,3/5/20
1276,Portugal,9,0.0,0.0,3/5/20
1275,Croatia,10,0.0,0.0,3/5/20
1274,Macao,10,0.0,9.0,3/5/20
1273,Finland,12,0.0,1.0,3/5/20
1272,Czechia,12,0.0,0.0,3/5/20
1271,Ecuador,13,0.0,0.0,3/5/20
1270,Vietnam,16,0.0,16.0,3/5/20
1269,Oman,16,0.0,2.0,3/5/20
1268,Lebanon,16,0.0,0.0,3/5/20
1267,Israel,17,0.0,2.0,3/5/20
1266,Algeria,17,0.0,0.0,3/5/20
1265,Denmark,20,0.0,0.0,3/5/20
1264,San Marino,21,1.0,0.0,3/5/20
1263,UAE,28,0.0,5.0,3/5/20
1262,India,30,0.0,3.0,3/5/20
1261,Greece,31,0.0,0.0,3/5/20
1260,Iceland,34,0.0,0.0,3/5/20
1259,Iraq,35,3.0,0.0,3/5/20
1258,Canada,37,0.0,8.0,3/5/20
1257,Austria,41,0.0,2.0,3/5/20
1256,Taiwan,44,1.0,12.0,3/5/20
1255,Thailand,47,1.0,31.0,3/5/20
1254,Belgium,50,0.0,1.0,3/5/20
1253,Australia,53,2.0,21.0,3/5/20
1252,Malaysia,55,0.0,22.0,3/5/20
1251,Bahrain,55,0.0,4.0,3/5/20
1250,Kuwait,58,0.0,0.0,3/5/20
1249,Netherlands,82,0.0,0.0,3/5/20
1248,Norway,89,0.0,0.0,3/5/20
1247,Sweden,94,0.0,1.0,3/5/20
1246,Hong Kong,105,2.0,37.0,3/5/20
1245,Switzerland,114,1.0,3.0,3/5/20
1244,UK,116,1.0,8.0,3/5/20
1243,Singapore,117,0.0,81.0,3/5/20
1242,USA,190,11.0,9.0,3/5/20
1241,Spain,259,3.0,3.0,3/5/20
1240,Japan,361,6.0,43.0,3/5/20
1239,France,377,6.0,12.0,3/5/20
1238,Germany,543,0.0,17.0,3/5/20
1237,Diamond Princess,696,6.0,212.0,3/5/20
1236,Iran,3513,107.0,739.0,3/5/20
1235,Italy,3858,148.0,414.0,3/5/20
1234,S. Korea,6088,40.0,135.0,3/5/20
1233,China,80430,3013.0,52259.0,3/5/20
1232,Togo,1,0.0,0.0,3/6/20
1231,South Africa,1,0.0,0.0,3/6/20
1230,Slovakia,1,0.0,0.0,3/6/20
1229,Serbia,1,0.0,0.0,3/6/20
1228,Peru,1,0.0,0.0,3/6/20
1227,Liechtenstein,1,0.0,0.0,3/6/20
1226,Vatican City,1,0.0,0.0,3/6/20
1225,Gibraltar,1,0.0,0.0,3/6/20
1224,Costa Rica,1,0.0,0.0,3/6/20
1223,Colombia,1,0.0,0.0,3/6/20
1222,Bhutan,1,0.0,0.0,3/6/20
1221,Ukraine,1,0.0,0.0,3/6/20
1220,Tunisia,1,0.0,0.0,3/6/20
1219,Sri Lanka,1,0.0,1.0,3/6/20
1218,Nigeria,1,0.0,0.0,3/6/20
1217,Nepal,1,0.0,1.0,3/6/20
1216,Monaco,1,0.0,0.0,3/6/20
1215,Lithuania,1,0.0,0.0,3/6/20
1214,Latvia,1,0.0,1.0,3/6/20
1213,Jordan,1,0.0,0.0,3/6/20
1212,Cambodia,1,0.0,1.0,3/6/20
1211,Armenia,1,0.0,0.0,3/6/20
1210,Andorra,1,0.0,0.0,3/6/20
1209,Afghanistan,1,0.0,0.0,3/6/20
1208,Cameroon,2,0.0,0.0,3/6/20
1207,Morocco,2,0.0,0.0,3/6/20
1206,Dominican Republic,2,0.0,0.0,3/6/20
1205,Bosnia and Herzegovina,3,0.0,0.0,3/6/20
1204,North Macedonia,3,0.0,0.0,3/6/20
1203,Luxembourg,3,0.0,0.0,3/6/20
1202,Hungary,4,0.0,0.0,3/6/20
1201,Senegal,4,0.0,0.0,3/6/20
1200,New Zealand,4,0.0,0.0,3/6/20
1199,Indonesia,4,0.0,0.0,3/6/20
1198,Poland,5,0.0,0.0,3/6/20
1197,Chile,5,0.0,0.0,3/6/20
1196,Saudi Arabia,5,0.0,1.0,3/6/20
1195,Philippines,5,1.0,2.0,3/6/20
1194,Pakistan,6,0.0,1.0,3/6/20
1193,Mexico,6,0.0,1.0,3/6/20
1192,Belarus,6,0.0,0.0,3/6/20
1191,Azerbaijan,6,0.0,0.0,3/6/20
1190,Slovenia,8,0.0,0.0,3/6/20
1189,Argentina,8,0.0,0.0,3/6/20
1188,Romania,9,0.0,3.0,3/6/20
1187,Georgia,9,0.0,0.0,3/6/20
1186,Estonia,10,0.0,0.0,3/6/20
1185,Macao,10,0.0,9.0,3/6/20
1184,Qatar,11,0.0,0.0,3/6/20
1183,Croatia,11,0.0,0.0,3/6/20
1182,Russia,13,0.0,2.0,3/6/20
1181,Portugal,13,0.0,0.0,3/6/20
1180,Ecuador,13,0.0,0.0,3/6/20
1179,Brazil,13,0.0,0.0,3/6/20
1178,Finland,15,0.0,1.0,3/6/20
1177,Egypt,15,0.0,1.0,3/6/20
1176,Palestine,16,0.0,0.0,3/6/20
1175,Oman,16,0.0,2.0,3/6/20
1174,Vietnam,17,0.0,16.0,3/6/20
1173,Algeria,17,0.0,0.0,3/6/20
1172,Ireland,18,0.0,0.0,3/6/20
1171,Czechia,19,0.0,0.0,3/6/20
1170,Israel,21,0.0,2.0,3/6/20
1169,Lebanon,22,0.0,0.0,3/6/20
1168,Denmark,23,0.0,1.0,3/6/20
1167,San Marino,23,1.0,0.0,3/6/20
1166,India,31,0.0,3.0,3/6/20
1165,Iceland,43,0.0,0.0,3/6/20
1164,UAE,45,0.0,5.0,3/6/20
1163,Greece,45,0.0,0.0,3/6/20
1162,Taiwan,45,1.0,15.0,3/6/20
1161,Thailand,48,1.0,31.0,3/6/20
1160,Iraq,48,4.0,1.0,3/6/20
1159,Canada,52,0.0,8.0,3/6/20
1158,Kuwait,58,0.0,1.0,3/6/20
1157,Bahrain,60,0.0,4.0,3/6/20
1156,Australia,63,2.0,22.0,3/6/20
1155,Austria,66,0.0,2.0,3/6/20
1154,Malaysia,83,0.0,23.0,3/6/20
1153,Hong Kong,108,2.0,51.0,3/6/20
1152,Belgium,109,0.0,1.0,3/6/20
1151,Norway,127,0.0,1.0,3/6/20
1150,Netherlands,128,1.0,0.0,3/6/20
1149,Singapore,130,0.0,82.0,3/6/20
1148,Sweden,137,0.0,1.0,3/6/20
1147,UK,164,2.0,18.0,3/6/20
1146,Switzerland,214,1.0,3.0,3/6/20
1145,USA,310,15.0,15.0,3/6/20
1144,Spain,401,8.0,6.0,3/6/20
1143,Japan,420,6.0,46.0,3/6/20
1142,France,653,9.0,12.0,3/6/20
1141,Germany,670,0.0,17.0,3/6/20
1140,Diamond Princess,696,6.0,212.0,3/6/20
1139,Italy,4636,197.0,523.0,3/6/20
1138,Iran,4747,124.0,913.0,3/6/20
1137,S. Korea,6593,43.0,135.0,3/6/20
1136,China,80576,3042.0,53929.0,3/6/20
1135,Togo,1,0.0,0.0,3/7/20
1134,Serbia,1,0.0,0.0,3/7/20
1133,Peru,1,0.0,0.0,3/7/20
1132,Paraguay,1,0.0,0.0,3/7/20
1131,Moldova,1,0.0,0.0,3/7/20
1130,Liechtenstein,1,0.0,0.0,3/7/20
1129,Vatican City,1,0.0,0.0,3/7/20
1128,Gibraltar,1,0.0,0.0,3/7/20
1127,Costa Rica,1,0.0,0.0,3/7/20
1126,Colombia,1,0.0,0.0,3/7/20
1125,Bhutan,1,0.0,0.0,3/7/20
1124,Ukraine,1,0.0,0.0,3/7/20
1123,Tunisia,1,0.0,0.0,3/7/20
1122,Sri Lanka,1,0.0,1.0,3/7/20
1121,Nigeria,1,0.0,0.0,3/7/20
1120,Nepal,1,0.0,1.0,3/7/20
1119,Monaco,1,0.0,0.0,3/7/20
1118,Lithuania,1,0.0,0.0,3/7/20
1117,Latvia,1,0.0,1.0,3/7/20
1116,Jordan,1,0.0,0.0,3/7/20
1115,Armenia,1,0.0,0.0,3/7/20
1114,Andorra,1,0.0,0.0,3/7/20
1113,South Africa,2,0.0,0.0,3/7/20
1112,Maldives,2,0.0,0.0,3/7/20
1111,Faeroe Islands,2,0.0,0.0,3/7/20
1110,Cameroon,2,0.0,0.0,3/7/20
1109,Morocco,2,0.0,0.0,3/7/20
1108,Dominican Republic,2,0.0,0.0,3/7/20
1107,Cambodia,2,0.0,1.0,3/7/20
1106,Slovakia,3,0.0,0.0,3/7/20
1105,Malta,3,0.0,0.0,3/7/20
1104,Bosnia and Herzegovina,3,0.0,0.0,3/7/20
1103,North Macedonia,3,0.0,0.0,3/7/20
1102,Luxembourg,3,0.0,0.0,3/7/20
1101,Senegal,4,0.0,1.0,3/7/20
1100,Indonesia,4,0.0,0.0,3/7/20
1099,Afghanistan,4,0.0,0.0,3/7/20
1098,Hungary,5,0.0,0.0,3/7/20
1097,Chile,5,0.0,0.0,3/7/20
1096,New Zealand,5,0.0,0.0,3/7/20
1095,Poland,6,0.0,0.0,3/7/20
1094,Pakistan,6,0.0,1.0,3/7/20
1093,Mexico,6,0.0,1.0,3/7/20
1092,Belarus,6,0.0,0.0,3/7/20
1091,Philippines,6,1.0,2.0,3/7/20
1090,Saudi Arabia,7,0.0,1.0,3/7/20
1089,Argentina,8,0.0,0.0,3/7/20
1088,Azerbaijan,9,0.0,0.0,3/7/20
1087,Estonia,10,0.0,0.0,3/7/20
1086,Macao,10,0.0,10.0,3/7/20
1085,Slovenia,12,0.0,0.0,3/7/20
1084,Qatar,12,0.0,0.0,3/7/20
1083,Croatia,12,0.0,0.0,3/7/20
1082,Romania,13,0.0,3.0,3/7/20
1081,Georgia,13,0.0,0.0,3/7/20
1080,Russia,14,0.0,2.0,3/7/20
1079,Ecuador,14,0.0,0.0,3/7/20
1078,Brazil,14,0.0,0.0,3/7/20
1077,Oman,16,0.0,2.0,3/7/20
1076,Palestine,19,0.0,0.0,3/7/20
1075,Ireland,19,0.0,0.0,3/7/20
1074,Finland,19,0.0,1.0,3/7/20
1073,Algeria,19,0.0,0.0,3/7/20
1072,Vietnam,20,0.0,16.0,3/7/20
1071,Portugal,21,0.0,0.0,3/7/20
1070,Israel,21,0.0,3.0,3/7/20
1069,Czechia,21,0.0,0.0,3/7/20
1068,San Marino,23,1.0,0.0,3/7/20
1067,Denmark,27,0.0,1.0,3/7/20
1066,Lebanon,28,0.0,1.0,3/7/20
1065,India,34,0.0,3.0,3/7/20
1064,UAE,45,0.0,7.0,3/7/20
1063,Taiwan,45,1.0,15.0,3/7/20
1062,Egypt,48,0.0,1.0,3/7/20
1061,Iceland,50,0.0,1.0,3/7/20
1060,Thailand,50,1.0,31.0,3/7/20
1059,Iraq,54,4.0,1.0,3/7/20
1058,Canada,60,0.0,8.0,3/7/20
1057,Kuwait,61,0.0,1.0,3/7/20
1056,Australia,64,2.0,22.0,3/7/20
1055,Greece,66,0.0,0.0,3/7/20
1054,Austria,81,0.0,2.0,3/7/20
1053,Bahrain,85,0.0,6.0,3/7/20
1052,Malaysia,93,0.0,23.0,3/7/20
1051,Hong Kong,108,2.0,51.0,3/7/20
1050,Singapore,138,0.0,90.0,3/7/20
1049,Norway,156,0.0,1.0,3/7/20
1048,Sweden,161,0.0,1.0,3/7/20
1047,Belgium,169,0.0,1.0,3/7/20
1046,Netherlands,188,1.0,0.0,3/7/20
1045,UK,209,2.0,18.0,3/7/20
1044,Switzerland,268,1.0,3.0,3/7/20
1043,USA,396,19.0,15.0,3/7/20
1042,Japan,461,6.0,76.0,3/7/20
1041,Spain,503,10.0,30.0,3/7/20
1040,Diamond Princess,696,6.0,245.0,3/7/20
1039,Germany,800,0.0,18.0,3/7/20
1038,France,949,16.0,12.0,3/7/20
1037,Iran,5823,145.0,1669.0,3/7/20
1036,Italy,5883,233.0,589.0,3/7/20
1035,S. Korea,7041,48.0,118.0,3/7/20
1034,China,80652,3070.0,55521.0,3/7/20
1033,Togo,1,0.0,0.0,3/8/20
1032,Serbia,1,0.0,0.0,3/8/20
1031,Paraguay,1,0.0,0.0,3/8/20
1030,Moldova,1,0.0,0.0,3/8/20
1029,Liechtenstein,1,0.0,0.0,3/8/20
1028,Vatican City,1,0.0,0.0,3/8/20
1027,Gibraltar,1,0.0,1.0,3/8/20
1026,Colombia,1,0.0,0.0,3/8/20
1025,Bhutan,1,0.0,0.0,3/8/20
1024,Ukraine,1,0.0,0.0,3/8/20
1023,Sri Lanka,1,0.0,1.0,3/8/20
1022,Nigeria,1,0.0,0.0,3/8/20
1021,Nepal,1,0.0,1.0,3/8/20
1020,Monaco,1,0.0,0.0,3/8/20
1019,Lithuania,1,0.0,0.0,3/8/20
1018,Jordan,1,0.0,0.0,3/8/20
1017,Armenia,1,0.0,0.0,3/8/20
1016,Andorra,1,0.0,0.0,3/8/20
1015,Faeroe Islands,2,0.0,0.0,3/8/20
1014,Cameroon,2,0.0,0.0,3/8/20
1013,Tunisia,2,0.0,0.0,3/8/20
1012,Morocco,2,0.0,0.0,3/8/20
1011,Cambodia,2,0.0,1.0,3/8/20
1010,South Africa,3,0.0,0.0,3/8/20
1009,Malta,3,0.0,0.0,3/8/20
1008,Bosnia and Herzegovina,3,0.0,0.0,3/8/20
1007,Bangladesh,3,0.0,0.0,3/8/20
1006,North Macedonia,3,0.0,0.0,3/8/20
1005,Latvia,3,0.0,1.0,3/8/20
1004,Maldives,4,0.0,0.0,3/8/20
1003,Bulgaria,4,0.0,0.0,3/8/20
1002,Senegal,4,0.0,1.0,3/8/20
1001,Afghanistan,4,0.0,0.0,3/8/20
1000,Slovakia,5,0.0,0.0,3/8/20
999,French Guiana,5,0.0,0.0,3/8/20
998,Costa Rica,5,0.0,0.0,3/8/20
997,New Zealand,5,0.0,0.0,3/8/20
996,Luxembourg,5,0.0,0.0,3/8/20
995,Dominican Republic,5,0.0,0.0,3/8/20
994,Peru,6,0.0,0.0,3/8/20
993,Indonesia,6,0.0,0.0,3/8/20
992,Belarus,6,0.0,0.0,3/8/20
991,Hungary,7,0.0,0.0,3/8/20
990,Pakistan,7,0.0,1.0,3/8/20
989,Mexico,7,0.0,1.0,3/8/20
988,Azerbaijan,9,0.0,0.0,3/8/20
987,Chile,10,0.0,0.0,3/8/20
986,Estonia,10,0.0,0.0,3/8/20
985,Macao,10,0.0,10.0,3/8/20
984,Philippines,10,1.0,2.0,3/8/20
983,Poland,11,0.0,0.0,3/8/20
982,Saudi Arabia,11,0.0,1.0,3/8/20
981,Croatia,12,0.0,0.0,3/8/20
980,Argentina,12,1.0,0.0,3/8/20
979,Georgia,13,0.0,0.0,3/8/20
978,Ecuador,14,0.0,0.0,3/8/20
977,Romania,15,0.0,5.0,3/8/20
976,Qatar,15,0.0,0.0,3/8/20
975,Slovenia,16,0.0,0.0,3/8/20
974,Oman,16,0.0,2.0,3/8/20
973,Russia,17,0.0,3.0,3/8/20
972,Palestine,19,0.0,0.0,3/8/20
971,Algeria,20,0.0,0.0,3/8/20
970,Ireland,21,0.0,0.0,3/8/20
969,Finland,25,0.0,1.0,3/8/20
968,Brazil,25,0.0,0.0,3/8/20
967,Vietnam,30,0.0,16.0,3/8/20
966,Portugal,30,0.0,0.0,3/8/20
965,Lebanon,32,0.0,1.0,3/8/20
964,Czechia,32,0.0,0.0,3/8/20
963,Denmark,35,0.0,1.0,3/8/20
962,San Marino,36,1.0,0.0,3/8/20
961,Israel,39,0.0,3.0,3/8/20
960,India,43,0.0,3.0,3/8/20
959,UAE,45,0.0,7.0,3/8/20
958,Taiwan,45,1.0,15.0,3/8/20
957,Thailand,50,1.0,31.0,3/8/20
956,Egypt,55,1.0,1.0,3/8/20
955,Iceland,58,0.0,1.0,3/8/20
954,Iraq,60,6.0,1.0,3/8/20
953,Kuwait,64,0.0,1.0,3/8/20
952,Canada,64,0.0,8.0,3/8/20
951,Greece,73,0.0,0.0,3/8/20
950,Australia,80,3.0,22.0,3/8/20
949,Bahrain,85,0.0,14.0,3/8/20
948,Malaysia,99,0.0,24.0,3/8/20
947,Austria,104,0.0,2.0,3/8/20
946,Hong Kong,115,3.0,59.0,3/8/20
945,Singapore,150,0.0,90.0,3/8/20
944,Norway,176,0.0,1.0,3/8/20
943,Belgium,200,0.0,1.0,3/8/20
942,Sweden,203,0.0,1.0,3/8/20
941,Netherlands,265,3.0,0.0,3/8/20
940,UK,273,3.0,18.0,3/8/20
939,Switzerland,337,2.0,3.0,3/8/20
938,Japan,502,7.0,76.0,3/8/20
937,USA,538,22.0,15.0,3/8/20
936,Spain,674,17.0,32.0,3/8/20
935,Diamond Princess,696,7.0,245.0,3/8/20
934,Germany,1040,0.0,18.0,3/8/20
933,France,1209,19.0,12.0,3/8/20
932,Iran,6566,194.0,2134.0,3/8/20
931,S. Korea,7313,50.0,130.0,3/8/20
930,Italy,7375,366.0,622.0,3/8/20
929,China,80734,3119.0,58600.0,3/8/20
928,Togo,1,0.0,0.0,3/9/20
927,Serbia,1,0.0,0.0,3/9/20
926,St. Barth,1,0.0,0.0,3/9/20
925,Paraguay,1,0.0,0.0,3/9/20
924,Moldova,1,0.0,0.0,3/9/20
923,Liechtenstein,1,0.0,0.0,3/9/20
922,Vatican City,1,0.0,0.0,3/9/20
921,Gibraltar,1,0.0,1.0,3/9/20
920,Channel Islands,1,0.0,0.0,3/9/20
919,Brunei,1,0.0,0.0,3/9/20
918,Bhutan,1,0.0,0.0,3/9/20
917,Ukraine,1,0.0,0.0,3/9/20
916,Sri Lanka,1,0.0,1.0,3/9/20
915,Nepal,1,0.0,1.0,3/9/20
914,Monaco,1,0.0,0.0,3/9/20
913,Lithuania,1,0.0,0.0,3/9/20
912,Jordan,1,0.0,0.0,3/9/20
911,Armenia,1,0.0,0.0,3/9/20
910,Andorra,1,0.0,0.0,3/9/20
909,Saint Martin,2,0.0,0.0,3/9/20
908,Martinique,2,0.0,0.0,3/9/20
907,Faeroe Islands,2,0.0,0.0,3/9/20
906,Cyprus,2,0.0,0.0,3/9/20
905,Cameroon,2,0.0,0.0,3/9/20
904,Albania,2,0.0,0.0,3/9/20
903,Nigeria,2,0.0,0.0,3/9/20
902,Morocco,2,0.0,0.0,3/9/20
901,Cambodia,2,0.0,1.0,3/9/20
900,Malta,3,0.0,0.0,3/9/20
899,Colombia,3,0.0,0.0,3/9/20
898,Bangladesh,3,0.0,0.0,3/9/20
897,Maldives,4,0.0,0.0,3/9/20
896,Bulgaria,4,0.0,0.0,3/9/20
895,Bosnia and Herzegovina,4,0.0,0.0,3/9/20
894,Senegal,4,0.0,1.0,3/9/20
893,North Macedonia,4,0.0,0.0,3/9/20
892,Afghanistan,4,0.0,0.0,3/9/20
891,French Guiana,5,0.0,0.0,3/9/20
890,Tunisia,5,0.0,0.0,3/9/20
889,New Zealand,5,0.0,0.0,3/9/20
888,Luxembourg,5,0.0,0.0,3/9/20
887,Dominican Republic,5,0.0,0.0,3/9/20
886,Latvia,6,0.0,1.0,3/9/20
885,Belarus,6,0.0,0.0,3/9/20
884,South Africa,7,0.0,0.0,3/9/20
883,Peru,7,0.0,0.0,3/9/20
882,Pakistan,7,0.0,1.0,3/9/20
881,Mexico,7,0.0,1.0,3/9/20
880,Slovakia,8,0.0,0.0,3/9/20
879,Hungary,9,0.0,0.0,3/9/20
878,Costa Rica,9,0.0,0.0,3/9/20
877,Azerbaijan,9,0.0,0.0,3/9/20
876,Chile,10,0.0,0.0,3/9/20
875,Estonia,10,0.0,0.0,3/9/20
874,Macao,10,0.0,10.0,3/9/20
873,Croatia,12,0.0,0.0,3/9/20
872,Argentina,12,1.0,0.0,3/9/20
871,Saudi Arabia,15,0.0,1.0,3/9/20
870,Romania,15,0.0,5.0,3/9/20
869,Georgia,15,0.0,0.0,3/9/20
868,Ecuador,15,0.0,0.0,3/9/20
867,Poland,17,0.0,0.0,3/9/20
866,Russia,17,0.0,3.0,3/9/20
865,Qatar,18,0.0,0.0,3/9/20
864,Oman,18,0.0,9.0,3/9/20
863,Indonesia,19,0.0,0.0,3/9/20
862,Algeria,20,0.0,0.0,3/9/20
861,Ireland,21,0.0,0.0,3/9/20
860,Slovenia,23,0.0,0.0,3/9/20
859,Philippines,24,1.0,2.0,3/9/20
858,Palestine,25,0.0,0.0,3/9/20
857,Brazil,25,0.0,0.0,3/9/20
856,Vietnam,31,0.0,16.0,3/9/20
855,Finland,33,0.0,1.0,3/9/20
854,Portugal,35,0.0,0.0,3/9/20
853,Czechia,36,0.0,0.0,3/9/20
852,Lebanon,41,0.0,1.0,3/9/20
851,Israel,41,0.0,4.0,3/9/20
850,India,45,0.0,4.0,3/9/20
849,Taiwan,45,1.0,15.0,3/9/20
848,Thailand,50,1.0,33.0,3/9/20
847,San Marino,51,2.0,0.0,3/9/20
846,Egypt,55,1.0,1.0,3/9/20
845,UAE,59,0.0,12.0,3/9/20
844,Iceland,60,0.0,1.0,3/9/20
843,Kuwait,65,0.0,1.0,3/9/20
842,Iraq,65,6.0,1.0,3/9/20
841,Canada,70,0.0,8.0,3/9/20
840,Greece,84,0.0,0.0,3/9/20
839,Denmark,90,0.0,1.0,3/9/20
838,Australia,93,3.0,22.0,3/9/20
837,Bahrain,109,0.0,14.0,3/9/20
836,Hong Kong,115,3.0,59.0,3/9/20
835,Malaysia,117,0.0,24.0,3/9/20
834,Austria,131,0.0,2.0,3/9/20
833,Singapore,160,0.0,93.0,3/9/20
832,Norway,205,0.0,1.0,3/9/20
831,Belgium,239,0.0,1.0,3/9/20
830,Sweden,248,0.0,1.0,3/9/20
829,Netherlands,321,3.0,0.0,3/9/20
828,UK,321,4.0,18.0,3/9/20
827,Switzerland,374,2.0,3.0,3/9/20
826,Japan,530,9.0,101.0,3/9/20
825,USA,617,22.0,15.0,3/9/20
824,Diamond Princess,696,7.0,245.0,3/9/20
823,Spain,1073,28.0,32.0,3/9/20
822,Germany,1176,2.0,18.0,3/9/20
821,France,1209,21.0,12.0,3/9/20
820,Iran,7161,237.0,2394.0,3/9/20
819,Italy,7375,366.0,622.0,3/9/20
818,S. Korea,7478,53.0,166.0,3/9/20
817,China,80739,3120.0,58742.0,3/9/20
816,Turkey,1,0.0,0.0,3/10/20
815,Togo,1,0.0,0.0,3/10/20
814,St. Barth,1,0.0,0.0,3/10/20
813,Panama,1,0.0,0.0,3/10/20
812,Mongolia,1,0.0,0.0,3/10/20
811,Liechtenstein,1,0.0,0.0,3/10/20
810,Jamaica,1,0.0,0.0,3/10/20
809,Vatican City,1,0.0,0.0,3/10/20
808,Gibraltar,1,0.0,1.0,3/10/20
807,DRC,1,0.0,0.0,3/10/20
806,Bhutan,1,0.0,0.0,3/10/20
805,Ukraine,1,0.0,0.0,3/10/20
804,Sri Lanka,1,0.0,1.0,3/10/20
803,Nepal,1,0.0,1.0,3/10/20
802,Monaco,1,0.0,0.0,3/10/20
801,Jordan,1,0.0,0.0,3/10/20
800,Armenia,1,0.0,0.0,3/10/20
799,Andorra,1,0.0,0.0,3/10/20
798,Saint Martin,2,0.0,0.0,3/10/20
797,Paraguay,2,0.0,0.0,3/10/20
796,Faeroe Islands,2,0.0,0.0,3/10/20
795,Cyprus,2,0.0,0.0,3/10/20
794,Channel Islands,2,0.0,0.0,3/10/20
793,Cameroon,2,0.0,0.0,3/10/20
792,Burkina Faso,2,0.0,0.0,3/10/20
791,Nigeria,2,0.0,0.0,3/10/20
790,Moldova,3,0.0,0.0,3/10/20
789,Martinique,3,0.0,0.0,3/10/20
788,Colombia,3,0.0,0.0,3/10/20
787,Bangladesh,3,0.0,0.0,3/10/20
786,Lithuania,3,0.0,0.0,3/10/20
785,Cambodia,3,0.0,1.0,3/10/20
784,Morocco,3,1.0,0.0,3/10/20
783,Senegal,4,0.0,1.0,3/10/20
782,Serbia,5,0.0,0.0,3/10/20
781,Malta,5,0.0,0.0,3/10/20
780,French Guiana,5,0.0,0.0,3/10/20
779,Bosnia and Herzegovina,5,0.0,0.0,3/10/20
778,New Zealand,5,0.0,0.0,3/10/20
777,Dominican Republic,5,0.0,0.0,3/10/20
776,Afghanistan,5,0.0,0.0,3/10/20
775,Maldives,6,0.0,0.0,3/10/20
774,Bulgaria,6,0.0,0.0,3/10/20
773,Brunei,6,0.0,0.0,3/10/20
772,Tunisia,6,0.0,0.0,3/10/20
771,South Africa,7,0.0,0.0,3/10/20
770,Slovakia,7,0.0,0.0,3/10/20
769,Mexico,7,0.0,4.0,3/10/20
768,North Macedonia,7,0.0,0.0,3/10/20
767,Luxembourg,7,0.0,0.0,3/10/20
766,Latvia,8,0.0,1.0,3/10/20
765,Belarus,9,0.0,3.0,3/10/20
764,Albania,10,0.0,0.0,3/10/20
763,Macao,10,0.0,10.0,3/10/20
762,Peru,11,0.0,0.0,3/10/20
761,Azerbaijan,11,0.0,0.0,3/10/20
760,Hungary,12,0.0,0.0,3/10/20
759,Costa Rica,13,0.0,0.0,3/10/20
758,Estonia,13,0.0,0.0,3/10/20
757,Ecuador,15,0.0,0.0,3/10/20
756,Croatia,15,0.0,0.0,3/10/20
755,Chile,17,0.0,0.0,3/10/20
754,Argentina,17,1.0,0.0,3/10/20
753,Oman,18,0.0,9.0,3/10/20
752,Pakistan,19,0.0,2.0,3/10/20
751,Saudi Arabia,20,0.0,1.0,3/10/20
750,Russia,20,0.0,3.0,3/10/20
749,Algeria,20,0.0,0.0,3/10/20
748,Poland,22,0.0,0.0,3/10/20
747,Georgia,23,0.0,0.0,3/10/20
746,Qatar,24,0.0,0.0,3/10/20
745,Indonesia,27,0.0,2.0,3/10/20
744,Palestine,29,0.0,0.0,3/10/20
743,Romania,29,0.0,5.0,3/10/20
742,Philippines,33,1.0,2.0,3/10/20
741,Slovenia,34,0.0,0.0,3/10/20
740,Vietnam,34,0.0,16.0,3/10/20
739,Ireland,34,0.0,0.0,3/10/20
738,Brazil,34,0.0,0.0,3/10/20
737,Finland,40,0.0,1.0,3/10/20
736,Portugal,41,0.0,0.0,3/10/20
735,Taiwan,47,1.0,17.0,3/10/20
734,Lebanon,52,1.0,1.0,3/10/20
733,Thailand,53,1.0,33.0,3/10/20
732,Egypt,59,1.0,1.0,3/10/20
731,Czechia,61,0.0,0.0,3/10/20
730,India,62,0.0,4.0,3/10/20
729,San Marino,62,2.0,0.0,3/10/20
728,Kuwait,69,0.0,1.0,3/10/20
727,Iraq,71,7.0,15.0,3/10/20
726,UAE,74,0.0,12.0,3/10/20
725,Israel,75,0.0,4.0,3/10/20
724,Iceland,81,0.0,1.0,3/10/20
723,Canada,87,1.0,8.0,3/10/20
722,Greece,89,0.0,0.0,3/10/20
721,Bahrain,110,0.0,30.0,3/10/20
720,Australia,116,3.0,22.0,3/10/20
719,Hong Kong,121,3.0,59.0,3/10/20
718,Malaysia,129,0.0,87.0,3/10/20
717,Singapore,166,0.0,93.0,3/10/20
716,Austria,182,0.0,4.0,3/10/20
715,Denmark,262,0.0,1.0,3/10/20
714,Belgium,267,0.0,1.0,3/10/20
713,Sweden,355,0.0,1.0,3/10/20
712,Netherlands,382,4.0,0.0,3/10/20
711,UK,383,6.0,18.0,3/10/20
710,Norway,400,0.0,1.0,3/10/20
709,Switzerland,497,3.0,3.0,3/10/20
708,Japan,587,10.0,102.0,3/10/20
707,Diamond Princess,696,7.0,245.0,3/10/20
706,USA,974,30.0,15.0,3/10/20
705,Germany,1565,2.0,18.0,3/10/20
704,Spain,1695,35.0,135.0,3/10/20
703,France,1784,33.0,12.0,3/10/20
702,S. Korea,7513,58.0,247.0,3/10/20
701,Iran,8042,291.0,2731.0,3/10/20
700,Italy,10149,631.0,1004.0,3/10/20
699,China,80761,3136.0,60120.0,3/10/20
698,Turkey,1,0.0,0.0,3/11/20
697,Togo,1,0.0,0.0,3/11/20
696,St. Barth,1,0.0,0.0,3/11/20
695,Runion,1,0.0,0.0,3/11/20
694,Mongolia,1,0.0,0.0,3/11/20
693,Liechtenstein,1,0.0,0.0,3/11/20
692,Vatican City,1,0.0,0.0,3/11/20
691,Gibraltar,1,0.0,1.0,3/11/20
690,French Polynesia,1,0.0,0.0,3/11/20
689,DRC,1,0.0,0.0,3/11/20
688,Ivory Coast,1,0.0,0.0,3/11/20
687,Bhutan,1,0.0,0.0,3/11/20
686,Ukraine,1,0.0,0.0,3/11/20
685,Nepal,1,0.0,1.0,3/11/20
684,Monaco,1,0.0,0.0,3/11/20
683,Jordan,1,0.0,0.0,3/11/20
682,Armenia,1,0.0,0.0,3/11/20
681,Andorra,1,0.0,0.0,3/11/20
680,Saint Martin,2,0.0,0.0,3/11/20
679,Jamaica,2,0.0,0.0,3/11/20
678,Honduras,2,0.0,0.0,3/11/20
677,Faeroe Islands,2,0.0,0.0,3/11/20
676,Channel Islands,2,0.0,0.0,3/11/20
675,Cameroon,2,0.0,0.0,3/11/20
674,Burkina Faso,2,0.0,0.0,3/11/20
673,Bolivia,2,0.0,0.0,3/11/20
672,Sri Lanka,2,0.0,1.0,3/11/20
671,Nigeria,2,0.0,0.0,3/11/20
670,Moldova,3,0.0,0.0,3/11/20
669,Martinique,3,0.0,0.0,3/11/20
668,Cuba,3,0.0,0.0,3/11/20
667,Bangladesh,3,0.0,0.0,3/11/20
666,Lithuania,3,0.0,0.0,3/11/20
665,Cambodia,3,0.0,1.0,3/11/20
664,Senegal,4,0.0,1.0,3/11/20
663,Paraguay,5,0.0,0.0,3/11/20
662,French Guiana,5,0.0,0.0,3/11/20
661,New Zealand,5,0.0,0.0,3/11/20
660,Dominican Republic,5,0.0,0.0,3/11/20
659,Malta,6,0.0,0.0,3/11/20
658,Cyprus,6,0.0,0.0,3/11/20
657,Morocco,6,1.0,0.0,3/11/20
656,Bosnia and Herzegovina,7,0.0,0.0,3/11/20
655,Tunisia,7,0.0,0.0,3/11/20
654,North Macedonia,7,0.0,0.0,3/11/20
653,Luxembourg,7,0.0,0.0,3/11/20
652,Afghanistan,7,0.0,0.0,3/11/20
651,Bulgaria,7,1.0,0.0,3/11/20
650,Maldives,8,0.0,0.0,3/11/20
649,Panama,8,1.0,0.0,3/11/20
648,Colombia,9,0.0,0.0,3/11/20
647,Belarus,9,0.0,3.0,3/11/20
646,Slovakia,10,0.0,0.0,3/11/20
645,Latvia,10,0.0,1.0,3/11/20
644,Macao,10,0.0,10.0,3/11/20
643,Brunei,11,0.0,0.0,3/11/20
642,Azerbaijan,11,0.0,3.0,3/11/20
641,Serbia,12,0.0,0.0,3/11/20
640,Mexico,12,0.0,4.0,3/11/20
639,South Africa,13,0.0,0.0,3/11/20
638,Hungary,13,0.0,0.0,3/11/20
637,Albania,15,1.0,0.0,3/11/20
636,Estonia,16,0.0,0.0,3/11/20
635,Peru,17,0.0,0.0,3/11/20
634,Ecuador,17,0.0,0.0,3/11/20
633,Oman,18,0.0,9.0,3/11/20
632,Pakistan,19,0.0,2.0,3/11/20
631,Croatia,19,0.0,0.0,3/11/20
630,Argentina,19,1.0,0.0,3/11/20
629,Russia,20,0.0,3.0,3/11/20
628,Algeria,20,0.0,0.0,3/11/20
627,Costa Rica,22,0.0,0.0,3/11/20
626,Chile,23,0.0,0.0,3/11/20
625,Georgia,24,0.0,0.0,3/11/20
624,Palestine,30,0.0,0.0,3/11/20
623,Poland,31,0.0,0.0,3/11/20
622,Indonesia,34,1.0,2.0,3/11/20
621,Vietnam,38,0.0,16.0,3/11/20
620,Ireland,43,1.0,0.0,3/11/20
619,Saudi Arabia,45,0.0,1.0,3/11/20
618,Romania,47,0.0,6.0,3/11/20
617,Taiwan,48,1.0,17.0,3/11/20
616,Philippines,49,2.0,2.0,3/11/20
615,Brazil,52,0.0,0.0,3/11/20
614,Slovenia,57,0.0,0.0,3/11/20
613,Portugal,59,0.0,0.0,3/11/20
612,Finland,59,0.0,1.0,3/11/20
611,Thailand,59,1.0,34.0,3/11/20
610,Egypt,60,1.0,27.0,3/11/20
609,Lebanon,61,2.0,1.0,3/11/20
608,India,62,0.0,4.0,3/11/20
607,San Marino,62,2.0,0.0,3/11/20
606,Iraq,71,7.0,15.0,3/11/20
605,Kuwait,72,0.0,2.0,3/11/20
604,UAE,74,0.0,17.0,3/11/20
603,Iceland,85,0.0,1.0,3/11/20
602,Czechia,94,0.0,0.0,3/11/20
601,Israel,97,0.0,4.0,3/11/20
600,Greece,99,0.0,0.0,3/11/20
599,Canada,109,1.0,9.0,3/11/20
598,Hong Kong,126,3.0,60.0,3/11/20
597,Australia,139,3.0,24.0,3/11/20
596,Malaysia,149,0.0,26.0,3/11/20
595,Singapore,178,0.0,96.0,3/11/20
594,Bahrain,195,0.0,35.0,3/11/20
593,Austria,246,0.0,4.0,3/11/20
592,Qatar,262,0.0,0.0,3/11/20
591,Belgium,314,3.0,1.0,3/11/20
590,UK,456,8.0,18.0,3/11/20
589,Sweden,500,1.0,1.0,3/11/20
588,Netherlands,503,5.0,0.0,3/11/20
587,Denmark,514,0.0,1.0,3/11/20
586,Norway,629,0.0,1.0,3/11/20
585,Japan,639,15.0,118.0,3/11/20
584,Switzerland,652,4.0,4.0,3/11/20
583,Diamond Princess,696,7.0,325.0,3/11/20
582,USA,1322,38.0,15.0,3/11/20
581,Germany,1966,3.0,25.0,3/11/20
580,Spain,2277,55.0,183.0,3/11/20
579,France,2281,48.0,12.0,3/11/20
578,S. Korea,7869,66.0,333.0,3/11/20
577,Iran,9000,354.0,2959.0,3/11/20
576,Italy,12462,827.0,1045.0,3/11/20
575,China,80796,3169.0,62801.0,3/11/20
574,Turkey,1,0.0,0.0,3/12/20
573,Togo,1,0.0,0.0,3/12/20
572,St. Vincent Grenadines,1,0.0,0.0,3/12/20
571,St. Barth,1,0.0,0.0,3/12/20
570,Runion,1,0.0,0.0,3/12/20
569,Mongolia,1,0.0,0.0,3/12/20
568,Vatican City,1,0.0,0.0,3/12/20
567,Gibraltar,1,0.0,1.0,3/12/20
566,French Polynesia,1,0.0,0.0,3/12/20
565,DRC,1,0.0,0.0,3/12/20
564,Ivory Coast,1,0.0,0.0,3/12/20
563,Bhutan,1,0.0,0.0,3/12/20
562,Ukraine,1,0.0,0.0,3/12/20
561,Nepal,1,0.0,1.0,3/12/20
560,Monaco,1,0.0,0.0,3/12/20
559,Jordan,1,0.0,0.0,3/12/20
558,Andorra,1,0.0,0.0,3/12/20
557,Guyana,1,1.0,0.0,3/12/20
556,Saint Martin,2,0.0,0.0,3/12/20
555,Jamaica,2,0.0,0.0,3/12/20
554,Honduras,2,0.0,0.0,3/12/20
553,Faeroe Islands,2,0.0,0.0,3/12/20
552,Cameroon,2,0.0,0.0,3/12/20
551,Burkina Faso,2,0.0,0.0,3/12/20
550,Nigeria,2,0.0,0.0,3/12/20
549,Martinique,3,0.0,0.0,3/12/20
548,Cuba,3,0.0,0.0,3/12/20
547,Channel Islands,3,0.0,0.0,3/12/20
546,Bolivia,3,0.0,0.0,3/12/20
545,Bangladesh,3,0.0,0.0,3/12/20
544,Sri Lanka,3,0.0,1.0,3/12/20
543,Lithuania,3,0.0,0.0,3/12/20
542,Liechtenstein,4,0.0,0.0,3/12/20
541,Paraguay,5,0.0,0.0,3/12/20
540,Senegal,5,0.0,1.0,3/12/20
539,New Zealand,5,0.0,0.0,3/12/20
538,Dominican Republic,5,0.0,0.0,3/12/20
537,Cambodia,5,0.0,1.0,3/12/20
536,Moldova,6,0.0,0.0,3/12/20
535,French Guiana,6,0.0,0.0,3/12/20
534,Armenia,6,0.0,0.0,3/12/20
533,Morocco,6,1.0,0.0,3/12/20
532,Afghanistan,7,0.0,0.0,3/12/20
531,Maldives,8,0.0,0.0,3/12/20
530,Malta,9,0.0,0.0,3/12/20
529,Colombia,9,0.0,0.0,3/12/20
528,North Macedonia,9,0.0,1.0,3/12/20
527,Cyprus,10,0.0,0.0,3/12/20
526,Macao,10,0.0,10.0,3/12/20
525,Bosnia and Herzegovina,11,0.0,0.0,3/12/20
524,Mexico,12,0.0,4.0,3/12/20
523,Tunisia,13,0.0,0.0,3/12/20
522,Panama,14,1.0,0.0,3/12/20
521,Azerbaijan,15,1.0,3.0,3/12/20
520,Hungary,16,0.0,0.0,3/12/20
519,Latvia,16,0.0,1.0,3/12/20
518,South Africa,17,0.0,0.0,3/12/20
517,Ecuador,17,0.0,0.0,3/12/20
516,Oman,18,0.0,9.0,3/12/20
515,Estonia,19,0.0,0.0,3/12/20
514,Slovakia,21,0.0,0.0,3/12/20
513,Pakistan,21,0.0,2.0,3/12/20
512,Belarus,21,0.0,3.0,3/12/20
511,Peru,22,0.0,0.0,3/12/20
510,Costa Rica,22,0.0,0.0,3/12/20
509,Bulgaria,23,1.0,0.0,3/12/20
508,Albania,23,1.0,0.0,3/12/20
507,Serbia,24,0.0,0.0,3/12/20
506,Algeria,24,1.0,8.0,3/12/20
505,Brunei,25,0.0,0.0,3/12/20
504,Georgia,25,0.0,0.0,3/12/20
503,Luxembourg,26,0.0,0.0,3/12/20
502,Croatia,27,0.0,1.0,3/12/20
501,Argentina,30,1.0,0.0,3/12/20
500,Palestine,31,0.0,0.0,3/12/20
499,Chile,33,0.0,0.0,3/12/20
498,Russia,34,0.0,3.0,3/12/20
497,Indonesia,34,1.0,3.0,3/12/20
496,Vietnam,39,0.0,16.0,3/12/20
495,Saudi Arabia,45,0.0,1.0,3/12/20
494,Taiwan,49,1.0,20.0,3/12/20
493,Poland,51,1.0,0.0,3/12/20
492,Philippines,52,2.0,2.0,3/12/20
491,Romania,59,0.0,6.0,3/12/20
490,Egypt,67,1.0,27.0,3/12/20
489,Lebanon,68,3.0,1.0,3/12/20
488,Brazil,69,0.0,0.0,3/12/20
487,Thailand,70,1.0,35.0,3/12/20
486,Ireland,70,1.0,0.0,3/12/20
485,San Marino,72,5.0,0.0,3/12/20
484,India,74,1.0,4.0,3/12/20
483,Portugal,78,0.0,1.0,3/12/20
482,Kuwait,80,0.0,5.0,3/12/20
481,Iraq,83,8.0,24.0,3/12/20
480,UAE,85,0.0,20.0,3/12/20
479,Slovenia,96,0.0,0.0,3/12/20
478,Israel,109,0.0,4.0,3/12/20
477,Iceland,109,0.0,0.0,3/12/20
476,Finland,109,0.0,1.0,3/12/20
475,Czechia,113,0.0,0.0,3/12/20
474,Greece,117,1.0,0.0,3/12/20
473,Canada,122,1.0,9.0,3/12/20
472,Hong Kong,130,3.0,77.0,3/12/20
471,Australia,156,3.0,26.0,3/12/20
470,Malaysia,158,0.0,26.0,3/12/20
469,Singapore,187,0.0,96.0,3/12/20
468,Bahrain,197,0.0,35.0,3/12/20
467,Qatar,262,0.0,0.0,3/12/20
466,Austria,361,1.0,4.0,3/12/20
465,Belgium,399,3.0,1.0,3/12/20
464,UK,590,10.0,18.0,3/12/20
463,Netherlands,614,5.0,2.0,3/12/20
462,Denmark,674,0.0,1.0,3/12/20
461,Sweden,683,1.0,1.0,3/12/20
460,Japan,691,19.0,118.0,3/12/20
459,Diamond Princess,696,7.0,325.0,3/12/20
458,Norway,782,1.0,1.0,3/12/20
457,Switzerland,868,7.0,4.0,3/12/20
456,USA,1573,40.0,15.0,3/12/20
455,Germany,2745,6.0,25.0,3/12/20
454,France,2876,61.0,12.0,3/12/20
453,Spain,3126,86.0,189.0,3/12/20
452,S. Korea,7869,66.0,333.0,3/12/20
451,Iran,10075,429.0,3276.0,3/12/20
450,Italy,15113,1016.0,1258.0,3/12/20
449,China,80796,3169.0,62826.0,3/12/20
448,Trinidad and Tobago,1,0.0,0.0,3/13/20
447,Togo,1,0.0,0.0,3/13/20
446,St. Vincent Grenadines,1,0.0,0.0,3/13/20
445,St. Barth,1,0.0,0.0,3/13/20
444,Mongolia,1,0.0,0.0,3/13/20
443,Kenya,1,0.0,0.0,3/13/20
442,Vatican City,1,0.0,0.0,3/13/20
441,Guinea,1,0.0,0.0,3/13/20
440,Guadeloupe,1,0.0,0.0,3/13/20
439,Gibraltar,1,0.0,1.0,3/13/20
438,Gabon,1,0.0,0.0,3/13/20
437,Ethiopia,1,0.0,0.0,3/13/20
436,Ivory Coast,1,0.0,0.0,3/13/20
435,Cayman Islands,1,0.0,0.0,3/13/20
434,Bhutan,1,0.0,0.0,3/13/20
433,Antigua and Barbuda,1,0.0,0.0,3/13/20
432,Nepal,1,0.0,1.0,3/13/20
431,Jordan,1,0.0,1.0,3/13/20
430,Andorra,1,0.0,0.0,3/13/20
429,Sudan,1,1.0,0.0,3/13/20
428,Guyana,1,1.0,0.0,3/13/20
427,Venezuela,2,0.0,0.0,3/13/20
426,Saint Martin,2,0.0,0.0,3/13/20
425,Honduras,2,0.0,0.0,3/13/20
424,Ghana,2,0.0,0.0,3/13/20
423,DRC,2,0.0,0.0,3/13/20
422,Cameroon,2,0.0,0.0,3/13/20
421,Burkina Faso,2,0.0,0.0,3/13/20
420,Nigeria,2,0.0,0.0,3/13/20
419,Monaco,2,0.0,0.0,3/13/20
418,Martinique,3,0.0,0.0,3/13/20
417,French Polynesia,3,0.0,0.0,3/13/20
416,Faeroe Islands,3,0.0,0.0,3/13/20
415,Channel Islands,3,0.0,0.0,3/13/20
414,Bolivia,3,0.0,0.0,3/13/20
413,Bangladesh,3,0.0,1.0,3/13/20
412,Ukraine,3,1.0,0.0,3/13/20
411,Liechtenstein,4,0.0,0.0,3/13/20
410,Kazakhstan,4,0.0,0.0,3/13/20
409,Cuba,4,0.0,0.0,3/13/20
408,Turkey,5,0.0,0.0,3/13/20
407,Runion,5,0.0,0.0,3/13/20
406,New Zealand,5,0.0,0.0,3/13/20
405,Dominican Republic,5,0.0,0.0,3/13/20
404,Paraguay,6,0.0,0.0,3/13/20
403,Moldova,6,0.0,0.0,3/13/20
402,French Guiana,6,0.0,0.0,3/13/20
401,Sri Lanka,6,0.0,1.0,3/13/20
400,Lithuania,6,0.0,0.0,3/13/20
399,Cambodia,7,0.0,1.0,3/13/20
398,Afghanistan,7,0.0,0.0,3/13/20
397,Morocco,7,1.0,1.0,3/13/20
396,Jamaica,8,0.0,0.0,3/13/20
395,Armenia,8,0.0,0.0,3/13/20
394,Maldives,9,0.0,0.0,3/13/20
393,Senegal,10,0.0,2.0,3/13/20
392,Macao,10,0.0,10.0,3/13/20
391,Malta,12,0.0,1.0,3/13/20
390,Mexico,12,0.0,4.0,3/13/20
389,Colombia,13,0.0,0.0,3/13/20
388,Cyprus,14,0.0,0.0,3/13/20
387,North Macedonia,14,0.0,1.0,3/13/20
386,Azerbaijan,15,1.0,3.0,3/13/20
385,Tunisia,16,0.0,0.0,3/13/20
384,Latvia,17,0.0,1.0,3/13/20
383,Bosnia and Herzegovina,18,0.0,0.0,3/13/20
382,Hungary,19,0.0,0.0,3/13/20
381,Oman,19,0.0,9.0,3/13/20
380,Ecuador,19,0.0,0.0,3/13/20
379,Costa Rica,23,0.0,0.0,3/13/20
378,Bulgaria,23,1.0,0.0,3/13/20
377,South Africa,24,0.0,0.0,3/13/20
376,Georgia,25,0.0,0.0,3/13/20
375,Algeria,26,2.0,10.0,3/13/20
374,Belarus,27,0.0,3.0,3/13/20
373,Panama,27,1.0,0.0,3/13/20
372,Peru,28,0.0,0.0,3/13/20
371,Pakistan,28,0.0,2.0,3/13/20
370,Argentina,31,2.0,0.0,3/13/20
369,Slovakia,32,0.0,0.0,3/13/20
368,Croatia,32,0.0,1.0,3/13/20
367,Albania,33,1.0,0.0,3/13/20
366,Luxembourg,34,0.0,0.0,3/13/20
365,Palestine,35,0.0,0.0,3/13/20
364,Serbia,35,0.0,0.0,3/13/20
363,Brunei,37,0.0,0.0,3/13/20
362,Chile,43,0.0,0.0,3/13/20
361,Vietnam,44,0.0,16.0,3/13/20
360,Russia,45,0.0,8.0,3/13/20
359,Taiwan,50,1.0,20.0,3/13/20
358,Philippines,64,5.0,2.0,3/13/20
357,Poland,68,2.0,0.0,3/13/20
356,Indonesia,69,4.0,5.0,3/13/20
355,Thailand,75,1.0,35.0,3/13/20
354,Lebanon,77,3.0,1.0,3/13/20
353,Estonia,79,0.0,0.0,3/13/20
352,Egypt,80,2.0,27.0,3/13/20
351,San Marino,80,5.0,2.0,3/13/20
350,India,82,2.0,10.0,3/13/20
349,UAE,85,0.0,20.0,3/13/20
348,Saudi Arabia,86,0.0,1.0,3/13/20
347,Romania,89,0.0,7.0,3/13/20
346,Ireland,90,1.0,0.0,3/13/20
345,Kuwait,100,0.0,5.0,3/13/20
344,Iraq,101,9.0,24.0,3/13/20
343,Portugal,112,0.0,1.0,3/13/20
342,Israel,126,0.0,4.0,3/13/20
341,Hong Kong,132,4.0,77.0,3/13/20
340,Iceland,134,0.0,0.0,3/13/20
339,Slovenia,141,0.0,0.0,3/13/20
338,Czechia,141,0.0,0.0,3/13/20
337,Brazil,151,0.0,0.0,3/13/20
336,Finland,155,0.0,1.0,3/13/20
335,Canada,179,1.0,11.0,3/13/20
334,Greece,190,1.0,2.0,3/13/20
333,Malaysia,197,0.0,32.0,3/13/20
332,Australia,199,3.0,26.0,3/13/20
331,Singapore,200,0.0,97.0,3/13/20
330,Bahrain,210,0.0,44.0,3/13/20
329,Qatar,320,0.0,0.0,3/13/20
328,Austria,504,1.0,6.0,3/13/20
327,Belgium,559,3.0,1.0,3/13/20
326,Diamond Princess,696,7.0,325.0,3/13/20
325,Japan,701,19.0,118.0,3/13/20
324,UK,798,11.0,18.0,3/13/20
323,Denmark,801,0.0,1.0,3/13/20
322,Netherlands,804,10.0,2.0,3/13/20
321,Sweden,814,1.0,1.0,3/13/20
320,Norway,996,1.0,1.0,3/13/20
319,Switzerland,1139,11.0,4.0,3/13/20
318,USA,2269,48.0,31.0,3/13/20
317,France,3661,79.0,12.0,3/13/20
316,Germany,3675,8.0,46.0,3/13/20
315,Spain,5232,133.0,193.0,3/13/20
314,S. Korea,7979,71.0,510.0,3/13/20
313,Iran,11364,514.0,3529.0,3/13/20
312,Italy,17660,1266.0,1439.0,3/13/20
311,China,80815,3177.0,64152.0,3/13/20
310,U.S. Virgin Islands,1,0.0,0.0,3/14/20
309,Togo,1,0.0,0.0,3/14/20
308,Eswatini,1,0.0,0.0,3/14/20
307,Suriname,1,0.0,0.0,3/14/20
306,St. Vincent Grenadines,1,0.0,0.0,3/14/20
305,Saint Lucia,1,0.0,0.0,3/14/20
304,St. Barth,1,0.0,0.0,3/14/20
303,Rwanda,1,0.0,0.0,3/14/20
302,Mongolia,1,0.0,0.0,3/14/20
301,Mayotte,1,0.0,0.0,3/14/20
300,Mauritania,1,0.0,0.0,3/14/20
299,Kenya,1,0.0,0.0,3/14/20
298,Vatican City,1,0.0,0.0,3/14/20
297,Guinea,1,0.0,0.0,3/14/20
296,Guatemala,1,0.0,0.0,3/14/20
295,Gibraltar,1,0.0,1.0,3/14/20
294,Gabon,1,0.0,0.0,3/14/20
293,Ethiopia,1,0.0,0.0,3/14/20
292,Equatorial Guinea,1,0.0,0.0,3/14/20
291,Cayman Islands,1,0.0,0.0,3/14/20
290,Bhutan,1,0.0,0.0,3/14/20
289,Antigua and Barbuda,1,0.0,0.0,3/14/20
288,Nepal,1,0.0,1.0,3/14/20
287,Jordan,1,0.0,1.0,3/14/20
286,Andorra,1,0.0,0.0,3/14/20
285,Sudan,1,1.0,0.0,3/14/20
284,Guyana,1,1.0,0.0,3/14/20
283,Venezuela,2,0.0,0.0,3/14/20
282,Trinidad and Tobago,2,0.0,0.0,3/14/20
281,Seychelles,2,0.0,0.0,3/14/20
280,Saint Martin,2,0.0,0.0,3/14/20
279,Namibia,2,0.0,0.0,3/14/20
278,Ghana,2,0.0,0.0,3/14/20
277,DRC,2,0.0,0.0,3/14/20
276,Curaao,2,0.0,0.0,3/14/20
275,Ivory Coast,2,0.0,0.0,3/14/20
274,Cameroon,2,0.0,0.0,3/14/20
273,Burkina Faso,2,0.0,0.0,3/14/20
272,Aruba,2,0.0,0.0,3/14/20
271,Nigeria,2,0.0,1.0,3/14/20
270,Monaco,2,0.0,0.0,3/14/20
269,Honduras,3,0.0,0.0,3/14/20
268,Guadeloupe,3,0.0,0.0,3/14/20
267,French Polynesia,3,0.0,0.0,3/14/20
266,Channel Islands,3,0.0,0.0,3/14/20
265,Ukraine,3,1.0,0.0,3/14/20
264,Puerto Rico,4,0.0,0.0,3/14/20
263,Liechtenstein,4,0.0,0.0,3/14/20
262,Cuba,4,0.0,0.0,3/14/20
261,Bangladesh,5,0.0,2.0,3/14/20
260,Uruguay,6,0.0,0.0,3/14/20
259,Turkey,6,0.0,0.0,3/14/20
258,Runion,6,0.0,0.0,3/14/20
257,Kazakhstan,6,0.0,0.0,3/14/20
256,Paraguay,7,0.0,0.0,3/14/20
255,French Guiana,7,0.0,0.0,3/14/20
254,Cambodia,7,0.0,1.0,3/14/20
253,Jamaica,8,0.0,0.0,3/14/20
252,New Zealand,8,0.0,0.0,3/14/20
251,Lithuania,9,0.0,1.0,3/14/20
250,Martinique,10,0.0,0.0,3/14/20
249,Maldives,10,0.0,0.0,3/14/20
248,Faeroe Islands,10,0.0,0.0,3/14/20
247,Bolivia,10,0.0,0.0,3/14/20
246,Sri Lanka,10,0.0,1.0,3/14/20
245,Macao,10,0.0,10.0,3/14/20
244,Dominican Republic,11,0.0,0.0,3/14/20
243,Afghanistan,11,0.0,0.0,3/14/20
242,Moldova,12,0.0,0.0,3/14/20
241,Malta,18,0.0,1.0,3/14/20
240,Tunisia,18,0.0,0.0,3/14/20
239,Morocco,18,1.0,1.0,3/14/20
238,Oman,19,0.0,9.0,3/14/20
237,North Macedonia,19,0.0,1.0,3/14/20
236,Azerbaijan,19,1.0,6.0,3/14/20
235,Armenia,20,0.0,0.0,3/14/20
234,Bosnia and Herzegovina,21,0.0,0.0,3/14/20
233,Colombia,24,0.0,0.0,3/14/20
232,Senegal,24,0.0,2.0,3/14/20
231,Cyprus,26,0.0,0.0,3/14/20
230,Mexico,26,0.0,4.0,3/14/20
229,Latvia,26,0.0,1.0,3/14/20
228,Costa Rica,27,0.0,0.0,3/14/20
227,Belarus,27,0.0,3.0,3/14/20
226,Ecuador,28,2.0,0.0,3/14/20
225,Hungary,30,0.0,1.0,3/14/20
224,Georgia,30,0.0,0.0,3/14/20
223,Pakistan,33,0.0,2.0,3/14/20
222,Palestine,38,0.0,0.0,3/14/20
221,South Africa,38,0.0,0.0,3/14/20
220,Albania,38,1.0,0.0,3/14/20
219,Croatia,39,0.0,2.0,3/14/20
218,Algeria,39,3.0,10.0,3/14/20
217,Brunei,40,0.0,0.0,3/14/20
216,Bulgaria,41,2.0,0.0,3/14/20
215,Peru,43,0.0,0.0,3/14/20
214,Panama,43,1.0,0.0,3/14/20
213,Slovakia,44,0.0,0.0,3/14/20
212,Argentina,45,2.0,0.0,3/14/20
211,Serbia,46,0.0,0.0,3/14/20
210,Luxembourg,51,1.0,0.0,3/14/20
209,Vietnam,53,0.0,16.0,3/14/20
208,Taiwan,53,1.0,20.0,3/14/20
207,Russia,59,0.0,8.0,3/14/20
206,Chile,61,0.0,0.0,3/14/20
205,Thailand,82,1.0,35.0,3/14/20
204,UAE,85,0.0,20.0,3/14/20
203,Lebanon,93,3.0,1.0,3/14/20
202,Indonesia,96,5.0,8.0,3/14/20
201,India,100,2.0,10.0,3/14/20
200,San Marino,101,5.0,4.0,3/14/20
199,Saudi Arabia,103,0.0,1.0,3/14/20
198,Kuwait,104,0.0,7.0,3/14/20
197,Poland,104,3.0,13.0,3/14/20
196,Egypt,110,2.0,27.0,3/14/20
195,Iraq,110,10.0,26.0,3/14/20
194,Philippines,111,8.0,2.0,3/14/20
193,Estonia,115,0.0,0.0,3/14/20
192,Romania,123,0.0,9.0,3/14/20
191,Ireland,129,2.0,0.0,3/14/20
190,Hong Kong,142,4.0,81.0,3/14/20
189,Brazil,151,0.0,1.0,3/14/20
188,Iceland,161,0.0,0.0,3/14/20
187,Portugal,169,0.0,2.0,3/14/20
186,Slovenia,181,1.0,0.0,3/14/20
185,Czechia,189,0.0,0.0,3/14/20
184,Israel,193,0.0,4.0,3/14/20
183,Singapore,212,0.0,105.0,3/14/20
182,Bahrain,212,0.0,60.0,3/14/20
181,Finland,225,0.0,10.0,3/14/20
180,Greece,228,3.0,8.0,3/14/20
179,Malaysia,238,0.0,35.0,3/14/20
178,Australia,248,3.0,27.0,3/14/20
177,Canada,252,1.0,11.0,3/14/20
176,Qatar,337,0.0,4.0,3/14/20
175,Austria,655,1.0,6.0,3/14/20
174,Belgium,689,4.0,1.0,3/14/20
173,Diamond Princess,696,7.0,456.0,3/14/20
172,Japan,804,22.0,144.0,3/14/20
171,Denmark,836,1.0,1.0,3/14/20
170,Netherlands,959,12.0,2.0,3/14/20
169,Sweden,961,2.0,1.0,3/14/20
168,Norway,1109,3.0,1.0,3/14/20
167,UK,1140,21.0,18.0,3/14/20
166,Switzerland,1375,13.0,4.0,3/14/20
165,USA,2976,60.0,56.0,3/14/20
164,France,4469,91.0,12.0,3/14/20
163,Germany,4599,9.0,46.0,3/14/20
162,Spain,6391,196.0,517.0,3/14/20
161,S. Korea,8162,75.0,834.0,3/14/20
160,Iran,12729,611.0,4339.0,3/14/20
159,Italy,21157,1441.0,1966.0,3/14/20
158,China,80844,3199.0,66912.0,3/14/20
157,U.S. Virgin Islands,1,0.0,0.0,3/15/20
156,Togo,1,0.0,0.0,3/15/20
155,Eswatini,1,0.0,0.0,3/15/20
154,Suriname,1,0.0,0.0,3/15/20
153,St. Vincent Grenadines,1,0.0,0.0,3/15/20
152,St. Barth,1,0.0,0.0,3/15/20
151,Mongolia,1,0.0,0.0,3/15/20
150,Mayotte,1,0.0,0.0,3/15/20
149,Mauritania,1,0.0,0.0,3/15/20
148,Vatican City,1,0.0,0.0,3/15/20
147,Guinea,1,0.0,0.0,3/15/20
146,Gibraltar,1,0.0,1.0,3/15/20
145,Gabon,1,0.0,0.0,3/15/20
144,Equatorial Guinea,1,0.0,0.0,3/15/20
143,Congo,1,0.0,0.0,3/15/20
142,CAR,1,0.0,0.0,3/15/20
141,Cayman Islands,1,0.0,0.0,3/15/20
140,Bhutan,1,0.0,0.0,3/15/20
139,Bahamas,1,0.0,0.0,3/15/20
138,Antigua and Barbuda,1,0.0,0.0,3/15/20
137,Nepal,1,0.0,1.0,3/15/20
136,Sudan,1,1.0,0.0,3/15/20
135,Guatemala,1,1.0,0.0,3/15/20
134,Trinidad and Tobago,2,0.0,0.0,3/15/20
133,Saint Martin,2,0.0,0.0,3/15/20
132,Saint Lucia,2,0.0,0.0,3/15/20
131,Namibia,2,0.0,0.0,3/15/20
130,DRC,2,0.0,0.0,3/15/20
129,Curaao,2,0.0,0.0,3/15/20
128,Aruba,2,0.0,0.0,3/15/20
127,Nigeria,2,0.0,1.0,3/15/20
126,Monaco,2,0.0,0.0,3/15/20
125,Seychelles,3,0.0,0.0,3/15/20
124,Kenya,3,0.0,0.0,3/15/20
123,Honduras,3,0.0,0.0,3/15/20
122,Guam,3,0.0,0.0,3/15/20
121,Guadeloupe,3,0.0,0.0,3/15/20
120,French Polynesia,3,0.0,0.0,3/15/20
119,Channel Islands,3,0.0,0.0,3/15/20
118,Burkina Faso,3,0.0,0.0,3/15/20
117,Ukraine,3,1.0,0.0,3/15/20
116,Uzbekistan,4,0.0,0.0,3/15/20
115,Ethiopia,4,0.0,0.0,3/15/20
114,Cuba,4,0.0,0.0,3/15/20
113,Ivory Coast,4,0.0,0.0,3/15/20
112,Cameroon,4,0.0,0.0,3/15/20
111,Guyana,4,1.0,0.0,3/15/20
110,Rwanda,5,0.0,0.0,3/15/20
109,Puerto Rico,5,0.0,0.0,3/15/20
108,Bangladesh,5,0.0,2.0,3/15/20
107,Andorra,5,0.0,0.0,3/15/20
106,Uruguay,6,0.0,0.0,3/15/20
105,Ghana,6,0.0,0.0,3/15/20
104,Runion,7,0.0,0.0,3/15/20
103,Paraguay,7,0.0,0.0,3/15/20
102,Liechtenstein,7,0.0,0.0,3/15/20
101,French Guiana,7,0.0,0.0,3/15/20
100,New Zealand,8,0.0,0.0,3/15/20
99,Kazakhstan,9,0.0,0.0,3/15/20
98,Martinique,10,0.0,0.0,3/15/20
97,Jamaica,10,0.0,2.0,3/15/20
96,Bolivia,10,0.0,0.0,3/15/20
95,Jordan,10,0.0,1.0,3/15/20
94,Faeroe Islands,11,0.0,0.0,3/15/20
93,Dominican Republic,11,0.0,0.0,3/15/20
92,Macao,11,0.0,10.0,3/15/20
91,Cambodia,12,0.0,1.0,3/15/20
90,Maldives,13,0.0,0.0,3/15/20
89,Lithuania,14,0.0,1.0,3/15/20
88,Afghanistan,16,0.0,1.0,3/15/20
87,Venezuela,17,0.0,0.0,3/15/20
86,Turkey,18,0.0,0.0,3/15/20
85,Sri Lanka,18,0.0,1.0,3/15/20
84,North Macedonia,19,0.0,1.0,3/15/20
83,Tunisia,20,0.0,0.0,3/15/20
82,Malta,21,0.0,2.0,3/15/20
81,Oman,22,0.0,9.0,3/15/20
80,Moldova,23,0.0,0.0,3/15/20
79,Azerbaijan,23,1.0,6.0,3/15/20
78,Bosnia and Herzegovina,24,0.0,0.0,3/15/20
77,Senegal,24,0.0,2.0,3/15/20
76,Armenia,26,0.0,0.0,3/15/20
75,Belarus,27,0.0,3.0,3/15/20
74,Morocco,28,1.0,1.0,3/15/20
73,Latvia,30,0.0,1.0,3/15/20
72,Hungary,32,1.0,1.0,3/15/20
71,Cyprus,33,0.0,0.0,3/15/20
70,Georgia,33,0.0,1.0,3/15/20
69,Colombia,34,0.0,0.0,3/15/20
68,Costa Rica,35,0.0,0.0,3/15/20
67,Ecuador,37,2.0,0.0,3/15/20
66,Palestine,38,0.0,0.0,3/15/20
65,Albania,42,1.0,0.0,3/15/20
64,Mexico,43,0.0,4.0,3/15/20
63,Panama,43,1.0,0.0,3/15/20
62,Argentina,46,2.0,0.0,3/15/20
61,Serbia,48,0.0,1.0,3/15/20
60,Algeria,48,4.0,10.0,3/15/20
59,Croatia,49,0.0,2.0,3/15/20
58,Brunei,50,0.0,0.0,3/15/20
57,Bulgaria,51,2.0,0.0,3/15/20
56,Pakistan,53,0.0,2.0,3/15/20
55,Vietnam,56,0.0,16.0,3/15/20
54,Taiwan,59,1.0,20.0,3/15/20
53,South Africa,61,0.0,0.0,3/15/20
52,Slovakia,61,0.0,0.0,3/15/20
51,Russia,63,0.0,8.0,3/15/20
50,Peru,71,0.0,0.0,3/15/20
49,Chile,75,0.0,0.0,3/15/20
48,Luxembourg,77,1.0,0.0,3/15/20
47,UAE,98,0.0,20.0,3/15/20
46,Lebanon,99,3.0,1.0,3/15/20
45,San Marino,109,7.0,4.0,3/15/20
44,Kuwait,112,0.0,9.0,3/15/20
43,India,112,2.0,13.0,3/15/20
42,Thailand,114,1.0,35.0,3/15/20
41,Indonesia,117,5.0,8.0,3/15/20
40,Saudi Arabia,118,0.0,2.0,3/15/20
39,Iraq,124,10.0,26.0,3/15/20
38,Poland,125,3.0,13.0,3/15/20
37,Egypt,126,2.0,27.0,3/15/20
36,Romania,139,0.0,9.0,3/15/20
35,Philippines,140,12.0,2.0,3/15/20
34,Hong Kong,149,4.0,81.0,3/15/20
33,Ireland,170,2.0,1.0,3/15/20
32,Estonia,171,0.0,1.0,3/15/20
31,Iceland,180,0.0,0.0,3/15/20
30,Brazil,200,0.0,1.0,3/15/20
29,Israel,213,0.0,4.0,3/15/20
28,Bahrain,214,0.0,77.0,3/15/20
27,Slovenia,219,1.0,0.0,3/15/20
26,Singapore,226,0.0,105.0,3/15/20
25,Finland,244,0.0,10.0,3/15/20
24,Portugal,245,0.0,2.0,3/15/20
23,Czechia,293,0.0,0.0,3/15/20
22,Australia,300,5.0,27.0,3/15/20
21,Greece,331,4.0,8.0,3/15/20
20,Canada,341,1.0,11.0,3/15/20
19,Qatar,401,0.0,4.0,3/15/20
18,Malaysia,428,0.0,42.0,3/15/20
17,Diamond Princess,696,7.0,456.0,3/15/20
16,Japan,839,24.0,144.0,3/15/20
15,Austria,860,1.0,6.0,3/15/20
14,Denmark,864,2.0,1.0,3/15/20
13,Belgium,886,4.0,1.0,3/15/20
12,Sweden,1040,3.0,1.0,3/15/20
11,Netherlands,1135,20.0,2.0,3/15/20
10,Norway,1254,3.0,1.0,3/15/20
9,UK,1391,35.0,20.0,3/15/20
8,Switzerland,2217,14.0,4.0,3/15/20
7,USA,3714,68.0,59.0,3/15/20
6,France,5423,127.0,12.0,3/15/20
5,Germany,5813,11.0,46.0,3/15/20
4,Spain,7845,292.0,517.0,3/15/20
3,S. Korea,8162,75.0,834.0,3/15/20
2,Iran,13938,724.0,4590.0,3/15/20
1,Italy,24747,1809.0,2335.0,3/15/20
0,China,80858,3213.0,67752.0,3/15/20
